timestamp,sensor_id,temperature,humidity,unit,location,battery_level
2026-02-09T11:54:01.328482,TEMP-1000,17.33,70.5,Celsius,Zone-A,100.0
2026-02-09T12:54:01.328482,TEMP-1000,17.47,75.4,Celsius,Zone-A,100.0
2026-02-09T13:54:01.328482,TEMP-1000,19.36,69.7,Celsius,Zone-A,100.0
2026-02-09T14:54:01.328482,TEMP-1000,18.23,74.2,Celsius,Zone-A,100.0
2026-02-09T15:54:01.328482,TEMP-1000,18.91,73.7,Celsius,Zone-A,100.0
2026-02-09T16:54:01.328482,TEMP-1000,18.22,75.0,Celsius,Zone-A,100.0
2026-02-09T17:54:01.328482,TEMP-1000,20.97,65.1,Celsius,Zone-A,100.0
2026-02-09T18:54:01.328482,TEMP-1000,20.98,64.8,Celsius,Zone-A,100.0
2026-02-09T19:54:01.328482,TEMP-1000,21.3,66.1,Celsius,Zone-A,100.0
2026-02-09T20:54:01.328482,TEMP-1000,21.83,63.8,Celsius,Zone-A,100.0
2026-02-09T21:54:01.328482,TEMP-1000,22.37,67.6,Celsius,Zone-A,100.0
2026-02-09T22:54:01.328482,TEMP-1000,22.53,58.9,Celsius,Zone-A,100.0
2026-02-09T23:54:01.328482,TEMP-1000,21.57,69.3,Celsius,Zone-A,100.0
2026-02-10T00:54:01.328482,TEMP-1000,22.23,69.0,Celsius,Zone-A,100.0
2026-02-10T01:54:01.328482,TEMP-1000,23.23,62.9,Celsius,Zone-A,100.0
2026-02-10T02:54:01.328482,TEMP-1000,22.18,66.4,Celsius,Zone-A,100.0
2026-02-10T03:54:01.328482,TEMP-1000,21.89,63.8,Celsius,Zone-A,100.0
2026-02-10T04:54:01.328482,TEMP-1000,21.37,64.3,Celsius,Zone-A,100.0
2026-02-10T05:54:01.328482,TEMP-1000,19.83,70.6,Celsius,Zone-A,100.0
2026-02-10T06:54:01.328482,TEMP-1000,19.56,62.9,Celsius,Zone-A,100.0
2026-02-10T07:54:01.328482,TEMP-1000,18.6,73.5,Celsius,Zone-A,100.0
2026-02-10T08:54:01.328482,TEMP-1000,18.01,71.2,Celsius,Zone-A,100.0
2026-02-10T09:54:01.328482,TEMP-1000,18.64,75.1,Celsius,Zone-A,100.0
2026-02-10T10:54:01.328482,TEMP-1000,17.3,75.8,Celsius,Zone-A,100.0
2026-02-10T11:54:01.328482,TEMP-1000,16.83,75.8,Celsius,Zone-A,100.0
2026-02-10T12:54:01.328482,TEMP-1000,17.9,76.3,Celsius,Zone-A,100.0
2026-02-10T13:54:01.328482,TEMP-1000,18.92,73.1,Celsius,Zone-A,100.0
2026-02-10T14:54:01.328482,TEMP-1000,18.01,74.6,Celsius,Zone-A,100.0
2026-02-10T15:54:01.328482,TEMP-1000,18.61,75.2,Celsius,Zone-A,100.0
2026-02-10T16:54:01.328482,TEMP-1000,19.41,66.0,Celsius,Zone-A,100.0
2026-02-10T17:54:01.328482,TEMP-1000,19.98,65.9,Celsius,Zone-A,100.0
2026-02-10T18:54:01.328482,TEMP-1000,20.16,65.9,Celsius,Zone-A,100.0
2026-02-10T19:54:01.328482,TEMP-1000,21.73,67.0,Celsius,Zone-A,100.0
2026-02-10T20:54:01.328482,TEMP-1000,21.47,65.9,Celsius,Zone-A,100.0
2026-02-10T21:54:01.328482,TEMP-1000,22.51,61.1,Celsius,Zone-A,100.0
2026-02-10T22:54:01.328482,TEMP-1000,21.65,63.5,Celsius,Zone-A,100.0
2026-02-10T23:54:01.328482,TEMP-1000,22.94,63.0,Celsius,Zone-A,100.0
2026-02-11T00:54:01.328482,TEMP-1000,22.55,66.5,Celsius,Zone-A,99.9
2026-02-11T01:54:01.328482,TEMP-1000,22.97,59.0,Celsius,Zone-A,99.9
2026-02-11T02:54:01.328482,TEMP-1000,21.96,69.1,Celsius,Zone-A,99.9
2026-02-11T03:54:01.328482,TEMP-1000,21.25,67.7,Celsius,Zone-A,99.9
2026-02-11T04:54:01.328482,TEMP-1000,20.14,69.8,Celsius,Zone-A,99.9
2026-02-11T05:54:01.328482,TEMP-1000,20.92,73.8,Celsius,Zone-A,99.9
2026-02-11T06:54:01.328482,TEMP-1000,18.67,69.4,Celsius,Zone-A,99.9
2026-02-11T07:54:01.328482,TEMP-1000,18.79,72.9,Celsius,Zone-A,99.9
2026-02-11T08:54:01.328482,TEMP-1000,17.85,68.9,Celsius,Zone-A,99.9
2026-02-11T09:54:01.328482,TEMP-1000,18.34,72.9,Celsius,Zone-A,99.9
2026-02-11T10:54:01.328482,TEMP-1000,17.81,74.5,Celsius,Zone-A,99.9
2026-02-11T11:54:01.328482,TEMP-1000,17.99,71.2,Celsius,Zone-A,99.9
2026-02-11T12:54:01.328482,TEMP-1000,18.29,68.8,Celsius,Zone-A,99.9
2026-02-11T13:54:01.328482,TEMP-1000,18.57,70.4,Celsius,Zone-A,99.9
2026-02-11T14:54:01.328482,TEMP-1000,17.94,78.4,Celsius,Zone-A,99.9
2026-02-11T15:54:01.328482,TEMP-1000,19.9,67.1,Celsius,Zone-A,99.9
2026-02-11T16:54:01.328482,TEMP-1000,19.92,68.7,Celsius,Zone-A,99.9
2026-02-11T17:54:01.328482,TEMP-1000,20.64,64.7,Celsius,Zone-A,99.9
2026-02-11T18:54:01.328482,TEMP-1000,21.38,67.3,Celsius,Zone-A,99.9
2026-02-11T19:54:01.328482,TEMP-1000,21.03,68.0,Celsius,Zone-A,99.9
2026-02-11T20:54:01.328482,TEMP-1000,22.92,62.9,Celsius,Zone-A,99.9
2026-02-11T21:54:01.328482,TEMP-1000,23.29,58.2,Celsius,Zone-A,99.9
2026-02-11T22:54:01.328482,TEMP-1000,23.12,62.5,Celsius,Zone-A,99.9
2026-02-11T23:54:01.328482,TEMP-1000,22.29,64.6,Celsius,Zone-A,99.9
2026-02-12T00:54:01.328482,TEMP-1000,22.67,60.3,Celsius,Zone-A,99.9
2026-02-12T01:54:01.328482,TEMP-1000,23.13,65.4,Celsius,Zone-A,99.9
2026-02-12T02:54:01.328482,TEMP-1000,21.65,64.9,Celsius,Zone-A,99.9
2026-02-12T03:54:01.328482,TEMP-1000,21.29,66.8,Celsius,Zone-A,99.9
2026-02-12T04:54:01.328482,TEMP-1000,20.28,67.0,Celsius,Zone-A,99.9
2026-02-12T05:54:01.328482,TEMP-1000,19.16,72.9,Celsius,Zone-A,99.9
2026-02-12T06:54:01.328482,TEMP-1000,19.7,73.3,Celsius,Zone-A,99.9
2026-02-12T07:54:01.328482,TEMP-1000,18.04,75.7,Celsius,Zone-A,99.9
2026-02-12T08:54:01.328482,TEMP-1000,18.03,72.9,Celsius,Zone-A,99.9
2026-02-12T09:54:01.328482,TEMP-1000,18.61,69.5,Celsius,Zone-A,99.9
2026-02-12T10:54:01.328482,TEMP-1000,17.38,69.0,Celsius,Zone-A,99.9
2026-02-12T11:54:01.328482,TEMP-1000,18.2,74.3,Celsius,Zone-A,99.9
2026-02-12T12:54:01.328482,TEMP-1000,18.16,67.1,Celsius,Zone-A,99.9
2026-02-12T13:54:01.328482,TEMP-1000,18.63,71.0,Celsius,Zone-A,99.9
2026-02-12T14:54:01.328482,TEMP-1000,17.89,69.6,Celsius,Zone-A,99.9
2026-02-12T15:54:01.328482,TEMP-1000,18.44,74.3,Celsius,Zone-A,99.9
2026-02-12T16:54:01.328482,TEMP-1000,19.39,68.4,Celsius,Zone-A,99.9
2026-02-12T17:54:01.328482,TEMP-1000,20.4,74.0,Celsius,Zone-A,99.9
2026-02-12T18:54:01.328482,TEMP-1000,21.41,69.7,Celsius,Zone-A,99.9
2026-02-12T19:54:01.328482,TEMP-1000,21.98,63.7,Celsius,Zone-A,99.9
2026-02-12T20:54:01.328482,TEMP-1000,21.85,66.0,Celsius,Zone-A,99.9
2026-02-12T21:54:01.328482,TEMP-1000,23.07,63.2,Celsius,Zone-A,99.9
2026-02-12T22:54:01.328482,TEMP-1000,22.03,65.3,Celsius,Zone-A,99.9
2026-02-12T23:54:01.328482,TEMP-1000,23.19,61.7,Celsius,Zone-A,99.9
2026-02-13T00:54:01.328482,TEMP-1000,22.41,67.0,Celsius,Zone-A,99.9
2026-02-13T01:54:01.328482,TEMP-1000,22.14,66.9,Celsius,Zone-A,99.9
2026-02-13T02:54:01.328482,TEMP-1000,21.79,64.1,Celsius,Zone-A,99.9
2026-02-13T03:54:01.328482,TEMP-1000,21.05,68.7,Celsius,Zone-A,99.9
2026-02-13T04:54:01.328482,TEMP-1000,20.75,68.0,Celsius,Zone-A,99.9
2026-02-13T05:54:01.328482,TEMP-1000,20.46,67.7,Celsius,Zone-A,99.9
2026-02-13T06:54:01.328482,TEMP-1000,19.25,69.9,Celsius,Zone-A,99.9
2026-02-13T07:54:01.328482,TEMP-1000,18.73,62.6,Celsius,Zone-A,99.9
2026-02-13T08:54:01.328482,TEMP-1000,18.43,75.3,Celsius,Zone-A,99.9
2026-02-13T09:54:01.328482,TEMP-1000,17.81,71.9,Celsius,Zone-A,99.9
2026-02-13T10:54:01.328482,TEMP-1000,17.92,77.6,Celsius,Zone-A,99.9
2026-02-13T11:54:01.328482,TEMP-1000,18.47,74.1,Celsius,Zone-A,99.9
2026-02-13T12:54:01.328482,TEMP-1000,17.75,72.2,Celsius,Zone-A,99.9
2026-02-13T13:54:01.328482,TEMP-1000,18.27,68.5,Celsius,Zone-A,99.9
2026-02-13T14:54:01.328482,TEMP-1000,18.64,72.7,Celsius,Zone-A,99.9
2026-02-13T15:54:01.328482,TEMP-1000,19.63,69.9,Celsius,Zone-A,99.9
2026-02-13T16:54:01.328482,TEMP-1000,19.49,71.0,Celsius,Zone-A,99.9
2026-02-13T17:54:01.328482,TEMP-1000,20.21,70.5,Celsius,Zone-A,99.9
2026-02-13T18:54:01.328482,TEMP-1000,20.55,65.4,Celsius,Zone-A,99.9
2026-02-13T19:54:01.328482,TEMP-1000,20.8,67.5,Celsius,Zone-A,99.9
2026-02-13T20:54:01.328482,TEMP-1000,21.27,61.4,Celsius,Zone-A,99.9
2026-02-13T21:54:01.328482,TEMP-1000,23.18,64.6,Celsius,Zone-A,99.9
2026-02-13T22:54:01.328482,TEMP-1000,23.66,66.9,Celsius,Zone-A,99.9
2026-02-13T23:54:01.328482,TEMP-1000,22.89,67.7,Celsius,Zone-A,99.8
2026-02-14T00:54:01.328482,TEMP-1000,22.8,65.7,Celsius,Zone-A,99.8
2026-02-14T01:54:01.328482,TEMP-1000,23.26,63.4,Celsius,Zone-A,99.8
2026-02-14T02:54:01.328482,TEMP-1000,22.19,63.3,Celsius,Zone-A,99.8
2026-02-14T03:54:01.328482,TEMP-1000,21.52,72.0,Celsius,Zone-A,99.8
2026-02-14T04:54:01.328482,TEMP-1000,20.8,73.0,Celsius,Zone-A,99.8
2026-02-14T05:54:01.328482,TEMP-1000,19.94,64.0,Celsius,Zone-A,99.8
2026-02-14T06:54:01.328482,TEMP-1000,19.33,70.0,Celsius,Zone-A,99.8
2026-02-14T07:54:01.328482,TEMP-1000,19.28,69.2,Celsius,Zone-A,99.8
2026-02-14T08:54:01.328482,TEMP-1000,18.31,73.8,Celsius,Zone-A,99.8
2026-02-14T09:54:01.328482,TEMP-1000,17.94,75.7,Celsius,Zone-A,99.8
2026-02-14T10:54:01.328482,TEMP-1000,18.18,70.0,Celsius,Zone-A,99.8
2026-02-14T11:54:01.328482,TEMP-1000,18.39,75.5,Celsius,Zone-A,99.8
2026-02-14T12:54:01.328482,TEMP-1000,18.53,73.0,Celsius,Zone-A,99.8
2026-02-14T13:54:01.328482,TEMP-1000,18.5,64.2,Celsius,Zone-A,99.8
2026-02-14T14:54:01.328482,TEMP-1000,17.43,73.2,Celsius,Zone-A,99.8
2026-02-14T15:54:01.328482,TEMP-1000,19.4,77.3,Celsius,Zone-A,99.8
2026-02-14T16:54:01.328482,TEMP-1000,19.08,68.0,Celsius,Zone-A,99.8
2026-02-14T17:54:01.328482,TEMP-1000,19.59,69.9,Celsius,Zone-A,99.8
2026-02-14T18:54:01.328482,TEMP-1000,20.93,69.7,Celsius,Zone-A,99.8
2026-02-14T19:54:01.328482,TEMP-1000,20.92,63.3,Celsius,Zone-A,99.8
2026-02-14T20:54:01.328482,TEMP-1000,22.17,63.3,Celsius,Zone-A,99.8
2026-02-14T21:54:01.328482,TEMP-1000,22.0,57.2,Celsius,Zone-A,99.8
2026-02-14T22:54:01.328482,TEMP-1000,22.45,63.2,Celsius,Zone-A,99.8
2026-02-14T23:54:01.328482,TEMP-1000,22.79,64.4,Celsius,Zone-A,99.8
2026-02-15T00:54:01.328482,TEMP-1000,23.41,61.7,Celsius,Zone-A,99.8
2026-02-15T01:54:01.328482,TEMP-1000,22.22,65.0,Celsius,Zone-A,99.8
2026-02-15T02:54:01.328482,TEMP-1000,21.36,74.2,Celsius,Zone-A,99.8
2026-02-15T03:54:01.328482,TEMP-1000,21.97,68.4,Celsius,Zone-A,99.8
2026-02-15T04:54:01.328482,TEMP-1000,20.28,66.2,Celsius,Zone-A,99.8
2026-02-15T05:54:01.328482,TEMP-1000,20.01,71.6,Celsius,Zone-A,99.8
2026-02-15T06:54:01.328482,TEMP-1000,19.04,73.5,Celsius,Zone-A,99.8
2026-02-15T07:54:01.328482,TEMP-1000,18.37,70.0,Celsius,Zone-A,99.8
2026-02-15T08:54:01.328482,TEMP-1000,18.32,76.7,Celsius,Zone-A,99.8
2026-02-15T09:54:01.328482,TEMP-1000,17.77,72.9,Celsius,Zone-A,99.8
2026-02-15T10:54:01.328482,TEMP-1000,18.27,77.4,Celsius,Zone-A,99.8
2026-02-15T11:54:01.328482,TEMP-1000,17.53,74.6,Celsius,Zone-A,99.8
2026-02-15T12:54:01.328482,TEMP-1000,18.22,74.2,Celsius,Zone-A,99.8
2026-02-15T13:54:01.328482,TEMP-1000,17.57,72.9,Celsius,Zone-A,99.8
2026-02-15T14:54:01.328482,TEMP-1000,18.0,73.5,Celsius,Zone-A,99.8
2026-02-15T15:54:01.328482,TEMP-1000,18.14,72.3,Celsius,Zone-A,99.8
2026-02-15T16:54:01.328482,TEMP-1000,19.77,71.6,Celsius,Zone-A,99.8
2026-02-15T17:54:01.328482,TEMP-1000,20.48,71.8,Celsius,Zone-A,99.8
2026-02-15T18:54:01.328482,TEMP-1000,20.21,70.6,Celsius,Zone-A,99.8
2026-02-15T19:54:01.328482,TEMP-1000,21.66,67.2,Celsius,Zone-A,99.8
2026-02-15T20:54:01.328482,TEMP-1000,22.19,62.3,Celsius,Zone-A,99.8
2026-02-15T21:54:01.328482,TEMP-1000,21.75,66.9,Celsius,Zone-A,99.8
2026-02-15T22:54:01.328482,TEMP-1000,23.0,62.6,Celsius,Zone-A,99.8
2026-02-15T23:54:01.328482,TEMP-1000,23.85,64.8,Celsius,Zone-A,99.8
2026-02-16T00:54:01.328482,TEMP-1000,21.17,66.6,Celsius,Zone-A,99.8
2026-02-16T01:54:01.328482,TEMP-1000,22.14,59.9,Celsius,Zone-A,99.8
2026-02-16T02:54:01.328482,TEMP-1000,22.09,66.8,Celsius,Zone-A,99.8
2026-02-16T03:54:01.328482,TEMP-1000,21.39,61.8,Celsius,Zone-A,99.8
2026-02-16T04:54:01.328482,TEMP-1000,21.18,67.8,Celsius,Zone-A,99.8
2026-02-16T05:54:01.328482,TEMP-1000,20.01,70.9,Celsius,Zone-A,99.8
2026-02-16T06:54:01.328482,TEMP-1000,20.23,67.9,Celsius,Zone-A,99.8
2026-02-16T07:54:01.328482,TEMP-1000,19.75,72.4,Celsius,Zone-A,99.8
2026-02-16T08:54:01.328482,TEMP-1000,18.18,74.6,Celsius,Zone-A,99.8
2026-02-16T09:54:01.328482,TEMP-1000,17.43,76.3,Celsius,Zone-A,99.8
2026-02-16T10:54:01.328482,TEMP-1000,18.1,76.1,Celsius,Zone-A,99.8
2026-02-16T11:54:01.328482,TEMP-1000,17.54,75.2,Celsius,Zone-A,99.8
2026-02-16T12:54:01.328482,TEMP-1000,18.26,74.0,Celsius,Zone-A,99.8
2026-02-16T13:54:01.328482,TEMP-1000,18.36,71.2,Celsius,Zone-A,99.8
2026-02-16T14:54:01.328482,TEMP-1000,18.24,71.0,Celsius,Zone-A,99.8
2026-02-16T15:54:01.328482,TEMP-1000,19.45,75.1,Celsius,Zone-A,99.8
2026-02-16T16:54:01.328482,TEMP-1000,19.69,70.6,Celsius,Zone-A,99.8
2026-02-16T17:54:01.328482,TEMP-1000,20.32,73.0,Celsius,Zone-A,99.8
2026-02-16T18:54:01.328482,TEMP-1000,21.69,64.6,Celsius,Zone-A,99.8
2026-02-16T19:54:01.328482,TEMP-1000,22.06,69.7,Celsius,Zone-A,99.8
2026-02-16T20:54:01.328482,TEMP-1000,22.11,62.7,Celsius,Zone-A,99.8
2026-02-16T21:54:01.328482,TEMP-1000,22.03,66.1,Celsius,Zone-A,99.8
2026-02-16T22:54:01.328482,TEMP-1000,23.29,60.6,Celsius,Zone-A,99.8
2026-02-16T23:54:01.328482,TEMP-1000,22.69,64.5,Celsius,Zone-A,99.8
2026-02-17T00:54:01.328482,TEMP-1000,22.34,64.1,Celsius,Zone-A,99.7
2026-02-17T01:54:01.328482,TEMP-1000,21.2,68.8,Celsius,Zone-A,99.7
2026-02-17T02:54:01.328482,TEMP-1000,22.08,61.5,Celsius,Zone-A,99.7
2026-02-17T03:54:01.328482,TEMP-1000,21.1,69.0,Celsius,Zone-A,99.7
2026-02-17T04:54:01.328482,TEMP-1000,20.48,73.3,Celsius,Zone-A,99.7
2026-02-17T05:54:01.328482,TEMP-1000,19.95,71.5,Celsius,Zone-A,99.7
2026-02-17T06:54:01.328482,TEMP-1000,19.79,66.9,Celsius,Zone-A,99.7
2026-02-17T07:54:01.328482,TEMP-1000,18.12,74.9,Celsius,Zone-A,99.7
2026-02-17T08:54:01.328482,TEMP-1000,17.98,73.4,Celsius,Zone-A,99.7
2026-02-17T09:54:01.328482,TEMP-1000,18.03,78.6,Celsius,Zone-A,99.7
2026-02-17T10:54:01.328482,TEMP-1000,18.02,73.0,Celsius,Zone-A,99.7
2026-02-17T11:54:01.328482,TEMP-1000,17.27,73.5,Celsius,Zone-A,99.7
2026-02-17T12:54:01.328482,TEMP-1000,17.26,74.7,Celsius,Zone-A,99.7
2026-02-17T13:54:01.328482,TEMP-1000,17.97,72.2,Celsius,Zone-A,99.7
2026-02-17T14:54:01.328482,TEMP-1000,18.19,70.0,Celsius,Zone-A,99.7
2026-02-17T15:54:01.328482,TEMP-1000,19.16,71.8,Celsius,Zone-A,99.7
2026-02-17T16:54:01.328482,TEMP-1000,19.17,70.7,Celsius,Zone-A,99.7
2026-02-17T17:54:01.328482,TEMP-1000,19.56,73.4,Celsius,Zone-A,99.7
2026-02-17T18:54:01.328482,TEMP-1000,20.52,68.5,Celsius,Zone-A,99.7
2026-02-17T19:54:01.328482,TEMP-1000,21.78,65.8,Celsius,Zone-A,99.7
2026-02-17T20:54:01.328482,TEMP-1000,22.38,63.6,Celsius,Zone-A,99.7
2026-02-17T21:54:01.328482,TEMP-1000,21.95,62.0,Celsius,Zone-A,99.7
2026-02-17T22:54:01.328482,TEMP-1000,22.3,68.5,Celsius,Zone-A,99.7
2026-02-17T23:54:01.328482,TEMP-1000,22.74,57.7,Celsius,Zone-A,99.7
2026-02-18T00:54:01.328482,TEMP-1000,22.99,63.0,Celsius,Zone-A,99.7
2026-02-18T01:54:01.328482,TEMP-1000,22.07,65.5,Celsius,Zone-A,99.7
2026-02-18T02:54:01.328482,TEMP-1000,22.3,64.9,Celsius,Zone-A,99.7
2026-02-18T03:54:01.328482,TEMP-1000,22.08,64.6,Celsius,Zone-A,99.7
2026-02-18T04:54:01.328482,TEMP-1000,20.66,67.6,Celsius,Zone-A,99.7
2026-02-18T05:54:01.328482,TEMP-1000,21.21,67.8,Celsius,Zone-A,99.7
2026-02-18T06:54:01.328482,TEMP-1000,20.2,67.5,Celsius,Zone-A,99.7
2026-02-18T07:54:01.328482,TEMP-1000,19.64,69.1,Celsius,Zone-A,99.7
2026-02-18T08:54:01.328482,TEMP-1000,18.12,75.7,Celsius,Zone-A,99.7
2026-02-18T09:54:01.328482,TEMP-1000,19.04,69.0,Celsius,Zone-A,99.7
2026-02-18T10:54:01.328482,TEMP-1000,18.43,71.0,Celsius,Zone-A,99.7
2026-02-18T11:54:01.328482,TEMP-1000,17.87,74.7,Celsius,Zone-A,99.7
2026-02-18T12:54:01.328482,TEMP-1000,17.65,72.8,Celsius,Zone-A,99.7
2026-02-18T13:54:01.328482,TEMP-1000,18.09,74.1,Celsius,Zone-A,99.7
2026-02-18T14:54:01.328482,TEMP-1000,18.69,70.5,Celsius,Zone-A,99.7
2026-02-18T15:54:01.328482,TEMP-1000,19.52,70.2,Celsius,Zone-A,99.7
2026-02-18T16:54:01.328482,TEMP-1000,18.28,71.0,Celsius,Zone-A,99.7
2026-02-18T17:54:01.328482,TEMP-1000,20.57,67.2,Celsius,Zone-A,99.7
2026-02-18T18:54:01.328482,TEMP-1000,20.25,69.7,Celsius,Zone-A,99.7
2026-02-18T19:54:01.328482,TEMP-1000,22.27,68.4,Celsius,Zone-A,99.7
2026-02-18T20:54:01.328482,TEMP-1000,21.41,66.8,Celsius,Zone-A,99.7
2026-02-18T21:54:01.328482,TEMP-1000,22.35,62.2,Celsius,Zone-A,99.7
2026-02-18T22:54:01.328482,TEMP-1000,23.25,63.9,Celsius,Zone-A,99.7
2026-02-18T23:54:01.328482,TEMP-1000,23.48,61.2,Celsius,Zone-A,99.7
2026-02-19T00:54:01.328482,TEMP-1000,23.47,61.0,Celsius,Zone-A,99.7
2026-02-19T01:54:01.328482,TEMP-1000,22.2,65.3,Celsius,Zone-A,99.7
2026-02-19T02:54:01.328482,TEMP-1000,21.42,61.1,Celsius,Zone-A,99.7
2026-02-19T03:54:01.328482,TEMP-1000,21.9,62.5,Celsius,Zone-A,99.7
2026-02-19T04:54:01.328482,TEMP-1000,21.38,65.1,Celsius,Zone-A,99.7
2026-02-19T05:54:01.328482,TEMP-1000,20.38,70.3,Celsius,Zone-A,99.7
2026-02-19T06:54:01.328482,TEMP-1000,19.71,67.6,Celsius,Zone-A,99.7
2026-02-19T07:54:01.328482,TEMP-1000,18.9,72.4,Celsius,Zone-A,99.7
2026-02-19T08:54:01.328482,TEMP-1000,17.66,74.5,Celsius,Zone-A,99.7
2026-02-19T09:54:01.328482,TEMP-1000,18.21,72.0,Celsius,Zone-A,99.7
2026-02-19T10:54:01.328482,TEMP-1000,18.64,77.0,Celsius,Zone-A,99.7
2026-02-19T11:54:01.328482,TEMP-1000,17.74,72.3,Celsius,Zone-A,99.7
2026-02-19T12:54:01.328482,TEMP-1000,17.08,72.4,Celsius,Zone-A,99.7
2026-02-19T13:54:01.328482,TEMP-1000,17.73,73.8,Celsius,Zone-A,99.7
2026-02-19T14:54:01.328482,TEMP-1000,19.09,65.2,Celsius,Zone-A,99.7
2026-02-19T15:54:01.328482,TEMP-1000,18.58,68.8,Celsius,Zone-A,99.7
2026-02-19T16:54:01.328482,TEMP-1000,19.15,68.6,Celsius,Zone-A,99.7
2026-02-19T17:54:01.328482,TEMP-1000,20.04,67.7,Celsius,Zone-A,99.7
2026-02-19T18:54:01.328482,TEMP-1000,20.75,67.8,Celsius,Zone-A,99.7
2026-02-19T19:54:01.328482,TEMP-1000,21.81,63.7,Celsius,Zone-A,99.7
2026-02-19T20:54:01.328482,TEMP-1000,22.5,62.6,Celsius,Zone-A,99.7
2026-02-19T21:54:01.328482,TEMP-1000,22.76,61.8,Celsius,Zone-A,99.7
2026-02-19T22:54:01.328482,TEMP-1000,22.54,65.8,Celsius,Zone-A,99.7
2026-02-19T23:54:01.328482,TEMP-1000,23.18,64.3,Celsius,Zone-A,99.6
2026-02-20T00:54:01.328482,TEMP-1000,23.2,63.2,Celsius,Zone-A,99.6
2026-02-20T01:54:01.328482,TEMP-1000,22.63,63.0,Celsius,Zone-A,99.6
2026-02-20T02:54:01.328482,TEMP-1000,21.69,68.0,Celsius,Zone-A,99.6
2026-02-20T03:54:01.328482,TEMP-1000,21.24,66.2,Celsius,Zone-A,99.6
2026-02-20T04:54:01.328482,TEMP-1000,21.48,63.6,Celsius,Zone-A,99.6
2026-02-20T05:54:01.328482,TEMP-1000,19.47,69.3,Celsius,Zone-A,99.6
2026-02-20T06:54:01.328482,TEMP-1000,19.23,75.7,Celsius,Zone-A,99.6
2026-02-20T07:54:01.328482,TEMP-1000,19.02,68.7,Celsius,Zone-A,99.6
2026-02-20T08:54:01.328482,TEMP-1000,18.1,76.6,Celsius,Zone-A,99.6
2026-02-20T09:54:01.328482,TEMP-1000,17.01,81.4,Celsius,Zone-A,99.6
2026-02-20T10:54:01.328482,TEMP-1000,17.77,75.0,Celsius,Zone-A,99.6
2026-02-20T11:54:01.328482,TEMP-1000,17.62,72.0,Celsius,Zone-A,99.6
2026-02-20T12:54:01.328482,TEMP-1000,18.7,73.2,Celsius,Zone-A,99.6
2026-02-20T13:54:01.328482,TEMP-1000,18.59,74.8,Celsius,Zone-A,99.6
2026-02-20T14:54:01.328482,TEMP-1000,18.87,76.3,Celsius,Zone-A,99.6
2026-02-20T15:54:01.328482,TEMP-1000,19.81,59.0,Celsius,Zone-A,99.6
2026-02-20T16:54:01.328482,TEMP-1000,20.21,73.3,Celsius,Zone-A,99.6
2026-02-20T17:54:01.328482,TEMP-1000,19.17,67.9,Celsius,Zone-A,99.6
2026-02-20T18:54:01.328482,TEMP-1000,21.59,63.5,Celsius,Zone-A,99.6
2026-02-20T19:54:01.328482,TEMP-1000,21.84,68.6,Celsius,Zone-A,99.6
2026-02-20T20:54:01.328482,TEMP-1000,21.48,63.7,Celsius,Zone-A,99.6
2026-02-20T21:54:01.328482,TEMP-1000,23.19,60.4,Celsius,Zone-A,99.6
2026-02-20T22:54:01.328482,TEMP-1000,22.56,63.9,Celsius,Zone-A,99.6
2026-02-20T23:54:01.328482,TEMP-1000,22.65,64.3,Celsius,Zone-A,99.6
2026-02-21T00:54:01.328482,TEMP-1000,22.57,65.2,Celsius,Zone-A,99.6
2026-02-21T01:54:01.328482,TEMP-1000,21.93,63.4,Celsius,Zone-A,99.6
2026-02-21T02:54:01.328482,TEMP-1000,21.65,68.7,Celsius,Zone-A,99.6
2026-02-21T03:54:01.328482,TEMP-1000,21.58,62.0,Celsius,Zone-A,99.6
2026-02-21T04:54:01.328482,TEMP-1000,21.41,71.6,Celsius,Zone-A,99.6
2026-02-21T05:54:01.328482,TEMP-1000,19.54,73.0,Celsius,Zone-A,99.6
2026-02-21T06:54:01.328482,TEMP-1000,18.76,69.8,Celsius,Zone-A,99.6
2026-02-21T07:54:01.328482,TEMP-1000,18.69,68.2,Celsius,Zone-A,99.6
2026-02-21T08:54:01.328482,TEMP-1000,18.03,73.7,Celsius,Zone-A,99.6
2026-02-21T09:54:01.328482,TEMP-1000,18.04,72.0,Celsius,Zone-A,99.6
2026-02-21T10:54:01.328482,TEMP-1000,17.46,72.3,Celsius,Zone-A,99.6
2026-02-21T11:54:01.328482,TEMP-1000,19.35,71.4,Celsius,Zone-A,99.6
2026-02-21T12:54:01.328482,TEMP-1000,17.68,70.3,Celsius,Zone-A,99.6
2026-02-21T13:54:01.328482,TEMP-1000,17.82,76.8,Celsius,Zone-A,99.6
2026-02-21T14:54:01.328482,TEMP-1000,18.53,71.3,Celsius,Zone-A,99.6
2026-02-21T15:54:01.328482,TEMP-1000,18.73,71.7,Celsius,Zone-A,99.6
2026-02-21T16:54:01.328482,TEMP-1000,18.89,76.9,Celsius,Zone-A,99.6
2026-02-21T17:54:01.328482,TEMP-1000,20.89,63.5,Celsius,Zone-A,99.6
2026-02-21T18:54:01.328482,TEMP-1000,21.05,66.4,Celsius,Zone-A,99.6
2026-02-21T19:54:01.328482,TEMP-1000,20.76,64.5,Celsius,Zone-A,99.6
2026-02-21T20:54:01.328482,TEMP-1000,21.95,64.9,Celsius,Zone-A,99.6
2026-02-21T21:54:01.328482,TEMP-1000,22.43,56.8,Celsius,Zone-A,99.6
2026-02-21T22:54:01.328482,TEMP-1000,22.58,57.9,Celsius,Zone-A,99.6
2026-02-21T23:54:01.328482,TEMP-1000,22.8,68.8,Celsius,Zone-A,99.6
2026-02-22T00:54:01.328482,TEMP-1000,22.92,63.7,Celsius,Zone-A,99.6
2026-02-22T01:54:01.328482,TEMP-1000,22.49,71.3,Celsius,Zone-A,99.6
2026-02-22T02:54:01.328482,TEMP-1000,20.64,68.2,Celsius,Zone-A,99.6
2026-02-22T03:54:01.328482,TEMP-1000,22.01,62.5,Celsius,Zone-A,99.6
2026-02-22T04:54:01.328482,TEMP-1000,21.21,64.1,Celsius,Zone-A,99.6
2026-02-22T05:54:01.328482,TEMP-1000,20.68,69.4,Celsius,Zone-A,99.6
2026-02-22T06:54:01.328482,TEMP-1000,19.14,71.1,Celsius,Zone-A,99.6
2026-02-22T07:54:01.328482,TEMP-1000,18.3,72.6,Celsius,Zone-A,99.6
2026-02-22T08:54:01.328482,TEMP-1000,18.19,70.2,Celsius,Zone-A,99.6
2026-02-22T09:54:01.328482,TEMP-1000,17.41,72.6,Celsius,Zone-A,99.6
2026-02-22T10:54:01.328482,TEMP-1000,17.53,75.8,Celsius,Zone-A,99.6
2026-02-22T11:54:01.328482,TEMP-1000,17.82,72.4,Celsius,Zone-A,99.6
2026-02-22T12:54:01.328482,TEMP-1000,18.29,67.1,Celsius,Zone-A,99.6
2026-02-22T13:54:01.328482,TEMP-1000,18.89,75.0,Celsius,Zone-A,99.6
2026-02-22T14:54:01.328482,TEMP-1000,18.32,73.6,Celsius,Zone-A,99.6
2026-02-22T15:54:01.328482,TEMP-1000,19.33,71.0,Celsius,Zone-A,99.6
2026-02-22T16:54:01.328482,TEMP-1000,19.14,72.8,Celsius,Zone-A,99.6
2026-02-22T17:54:01.328482,TEMP-1000,21.12,71.7,Celsius,Zone-A,99.6
2026-02-22T18:54:01.328482,TEMP-1000,20.56,69.4,Celsius,Zone-A,99.6
2026-02-22T19:54:01.328482,TEMP-1000,21.27,64.4,Celsius,Zone-A,99.6
2026-02-22T20:54:01.328482,TEMP-1000,22.35,61.9,Celsius,Zone-A,99.6
2026-02-22T21:54:01.328482,TEMP-1000,21.94,67.5,Celsius,Zone-A,99.6
2026-02-22T22:54:01.328482,TEMP-1000,22.71,65.5,Celsius,Zone-A,99.6
2026-02-22T23:54:01.328482,TEMP-1000,22.68,64.2,Celsius,Zone-A,99.6
2026-02-23T00:54:01.328482,TEMP-1000,23.01,64.2,Celsius,Zone-A,99.5
2026-02-23T01:54:01.328482,TEMP-1000,21.89,65.5,Celsius,Zone-A,99.5
2026-02-23T02:54:01.328482,TEMP-1000,21.61,67.1,Celsius,Zone-A,99.5
2026-02-23T03:54:01.328482,TEMP-1000,21.43,68.1,Celsius,Zone-A,99.5
2026-02-23T04:54:01.328482,TEMP-1000,21.38,63.9,Celsius,Zone-A,99.5
2026-02-23T05:54:01.328482,TEMP-1000,19.83,72.7,Celsius,Zone-A,99.5
2026-02-23T06:54:01.328482,TEMP-1000,19.53,70.8,Celsius,Zone-A,99.5
2026-02-23T07:54:01.328482,TEMP-1000,19.12,70.0,Celsius,Zone-A,99.5
2026-02-23T08:54:01.328482,TEMP-1000,18.77,72.6,Celsius,Zone-A,99.5
2026-02-23T09:54:01.328482,TEMP-1000,18.81,74.3,Celsius,Zone-A,99.5
2026-02-23T10:54:01.328482,TEMP-1000,18.78,71.7,Celsius,Zone-A,99.5
2026-02-23T11:54:01.328482,TEMP-1000,18.81,70.4,Celsius,Zone-A,99.5
2026-02-23T12:54:01.328482,TEMP-1000,17.67,76.8,Celsius,Zone-A,99.5
2026-02-23T13:54:01.328482,TEMP-1000,17.77,72.5,Celsius,Zone-A,99.5
2026-02-23T14:54:01.328482,TEMP-1000,18.51,71.5,Celsius,Zone-A,99.5
2026-02-23T15:54:01.328482,TEMP-1000,19.31,66.2,Celsius,Zone-A,99.5
2026-02-23T16:54:01.328482,TEMP-1000,20.27,67.9,Celsius,Zone-A,99.5
2026-02-23T17:54:01.328482,TEMP-1000,19.67,65.2,Celsius,Zone-A,99.5
2026-02-23T18:54:01.328482,TEMP-1000,21.09,67.2,Celsius,Zone-A,99.5
2026-02-23T19:54:01.328482,TEMP-1000,22.07,62.7,Celsius,Zone-A,99.5
2026-02-23T20:54:01.328482,TEMP-1000,21.82,65.0,Celsius,Zone-A,99.5
2026-02-23T21:54:01.328482,TEMP-1000,22.24,61.1,Celsius,Zone-A,99.5
2026-02-23T22:54:01.328482,TEMP-1000,22.93,57.3,Celsius,Zone-A,99.5
2026-02-23T23:54:01.328482,TEMP-1000,22.74,63.2,Celsius,Zone-A,99.5
2026-02-24T00:54:01.328482,TEMP-1000,23.08,60.4,Celsius,Zone-A,99.5
2026-02-24T01:54:01.328482,TEMP-1000,22.77,59.3,Celsius,Zone-A,99.5
2026-02-24T02:54:01.328482,TEMP-1000,22.12,62.0,Celsius,Zone-A,99.5
2026-02-24T03:54:01.328482,TEMP-1000,21.15,65.6,Celsius,Zone-A,99.5
2026-02-24T04:54:01.328482,TEMP-1000,20.16,73.2,Celsius,Zone-A,99.5
2026-02-24T05:54:01.328482,TEMP-1000,21.08,65.4,Celsius,Zone-A,99.5
2026-02-24T06:54:01.328482,TEMP-1000,19.77,66.6,Celsius,Zone-A,99.5
2026-02-24T07:54:01.328482,TEMP-1000,19.24,77.5,Celsius,Zone-A,99.5
2026-02-24T08:54:01.328482,TEMP-1000,17.57,75.1,Celsius,Zone-A,99.5
2026-02-24T09:54:01.328482,TEMP-1000,17.3,73.4,Celsius,Zone-A,99.5
2026-02-24T10:54:01.328482,TEMP-1000,18.2,69.0,Celsius,Zone-A,99.5
2026-02-24T11:54:01.328482,TEMP-1000,17.23,73.9,Celsius,Zone-A,99.5
2026-02-24T12:54:01.328482,TEMP-1000,18.58,70.8,Celsius,Zone-A,99.5
2026-02-24T13:54:01.328482,TEMP-1000,18.47,75.9,Celsius,Zone-A,99.5
2026-02-24T14:54:01.328482,TEMP-1000,19.35,70.9,Celsius,Zone-A,99.5
2026-02-24T15:54:01.328482,TEMP-1000,19.39,71.7,Celsius,Zone-A,99.5
2026-02-24T16:54:01.328482,TEMP-1000,19.26,73.1,Celsius,Zone-A,99.5
2026-02-24T17:54:01.328482,TEMP-1000,19.82,68.1,Celsius,Zone-A,99.5
2026-02-24T18:54:01.328482,TEMP-1000,20.76,68.4,Celsius,Zone-A,99.5
2026-02-24T19:54:01.328482,TEMP-1000,21.92,63.9,Celsius,Zone-A,99.5
2026-02-24T20:54:01.328482,TEMP-1000,21.47,70.5,Celsius,Zone-A,99.5
2026-02-24T21:54:01.328482,TEMP-1000,22.44,63.1,Celsius,Zone-A,99.5
2026-02-24T22:54:01.328482,TEMP-1000,22.33,64.6,Celsius,Zone-A,99.5
2026-02-24T23:54:01.328482,TEMP-1000,24.04,65.3,Celsius,Zone-A,99.5
2026-02-25T00:54:01.328482,TEMP-1000,22.13,64.3,Celsius,Zone-A,99.5
2026-02-25T01:54:01.328482,TEMP-1000,22.72,60.9,Celsius,Zone-A,99.5
2026-02-25T02:54:01.328482,TEMP-1000,21.5,68.8,Celsius,Zone-A,99.5
2026-02-25T03:54:01.328482,TEMP-1000,21.84,62.4,Celsius,Zone-A,99.5
2026-02-25T04:54:01.328482,TEMP-1000,21.03,68.2,Celsius,Zone-A,99.5
2026-02-25T05:54:01.328482,TEMP-1000,20.91,62.0,Celsius,Zone-A,99.5
2026-02-25T06:54:01.328482,TEMP-1000,19.57,70.2,Celsius,Zone-A,99.5
2026-02-25T07:54:01.328482,TEMP-1000,18.87,74.8,Celsius,Zone-A,99.5
2026-02-25T08:54:01.328482,TEMP-1000,18.32,72.8,Celsius,Zone-A,99.5
2026-02-25T09:54:01.328482,TEMP-1000,18.08,73.4,Celsius,Zone-A,99.5
2026-02-25T10:54:01.328482,TEMP-1000,18.44,71.4,Celsius,Zone-A,99.5
2026-02-25T11:54:01.328482,TEMP-1000,18.09,74.5,Celsius,Zone-A,99.5
2026-02-25T12:54:01.328482,TEMP-1000,18.26,72.9,Celsius,Zone-A,99.5
2026-02-25T13:54:01.328482,TEMP-1000,18.24,72.2,Celsius,Zone-A,99.5
2026-02-25T14:54:01.328482,TEMP-1000,18.76,77.7,Celsius,Zone-A,99.5
2026-02-25T15:54:01.328482,TEMP-1000,19.04,70.2,Celsius,Zone-A,99.5
2026-02-25T16:54:01.328482,TEMP-1000,19.59,76.3,Celsius,Zone-A,99.5
2026-02-25T17:54:01.328482,TEMP-1000,20.63,67.0,Celsius,Zone-A,99.5
2026-02-25T18:54:01.328482,TEMP-1000,20.37,73.6,Celsius,Zone-A,99.5
2026-02-25T19:54:01.328482,TEMP-1000,21.77,67.9,Celsius,Zone-A,99.5
2026-02-25T20:54:01.328482,TEMP-1000,21.88,64.4,Celsius,Zone-A,99.5
2026-02-25T21:54:01.328482,TEMP-1000,23.08,60.6,Celsius,Zone-A,99.5
2026-02-25T22:54:01.328482,TEMP-1000,22.48,61.2,Celsius,Zone-A,99.5
2026-02-25T23:54:01.328482,TEMP-1000,22.67,65.8,Celsius,Zone-A,99.4
2026-02-26T00:54:01.328482,TEMP-1000,22.3,62.4,Celsius,Zone-A,99.4
2026-02-26T01:54:01.328482,TEMP-1000,22.1,66.9,Celsius,Zone-A,99.4
2026-02-26T02:54:01.328482,TEMP-1000,22.32,66.5,Celsius,Zone-A,99.4
2026-02-26T03:54:01.328482,TEMP-1000,21.66,64.0,Celsius,Zone-A,99.4
2026-02-26T04:54:01.328482,TEMP-1000,20.87,66.3,Celsius,Zone-A,99.4
2026-02-26T05:54:01.328482,TEMP-1000,20.33,68.4,Celsius,Zone-A,99.4
2026-02-26T06:54:01.328482,TEMP-1000,20.07,64.0,Celsius,Zone-A,99.4
2026-02-26T07:54:01.328482,TEMP-1000,18.64,72.6,Celsius,Zone-A,99.4
2026-02-26T08:54:01.328482,TEMP-1000,18.35,76.0,Celsius,Zone-A,99.4
2026-02-26T09:54:01.328482,TEMP-1000,17.88,71.1,Celsius,Zone-A,99.4
2026-02-26T10:54:01.328482,TEMP-1000,17.84,80.2,Celsius,Zone-A,99.4
2026-02-26T11:54:01.328482,TEMP-1000,18.15,70.8,Celsius,Zone-A,99.4
2026-02-26T12:54:01.328482,TEMP-1000,17.89,77.7,Celsius,Zone-A,99.4
2026-02-26T13:54:01.328482,TEMP-1000,18.08,76.4,Celsius,Zone-A,99.4
2026-02-26T14:54:01.328482,TEMP-1000,18.14,70.6,Celsius,Zone-A,99.4
2026-02-26T15:54:01.328482,TEMP-1000,18.21,67.3,Celsius,Zone-A,99.4
2026-02-26T16:54:01.328482,TEMP-1000,19.29,73.2,Celsius,Zone-A,99.4
2026-02-26T17:54:01.328482,TEMP-1000,20.44,61.2,Celsius,Zone-A,99.4
2026-02-26T18:54:01.328482,TEMP-1000,21.08,70.2,Celsius,Zone-A,99.4
2026-02-26T19:54:01.328482,TEMP-1000,21.74,61.7,Celsius,Zone-A,99.4
2026-02-26T20:54:01.328482,TEMP-1000,21.97,64.2,Celsius,Zone-A,99.4
2026-02-26T21:54:01.328482,TEMP-1000,22.79,62.0,Celsius,Zone-A,99.4
2026-02-26T22:54:01.328482,TEMP-1000,22.31,58.6,Celsius,Zone-A,99.4
2026-02-26T23:54:01.328482,TEMP-1000,22.88,62.3,Celsius,Zone-A,99.4
2026-02-27T00:54:01.328482,TEMP-1000,22.88,65.3,Celsius,Zone-A,99.4
2026-02-27T01:54:01.328482,TEMP-1000,22.36,63.1,Celsius,Zone-A,99.4
2026-02-27T02:54:01.328482,TEMP-1000,20.8,65.5,Celsius,Zone-A,99.4
2026-02-27T03:54:01.328482,TEMP-1000,21.78,67.8,Celsius,Zone-A,99.4
2026-02-27T04:54:01.328482,TEMP-1000,20.65,70.5,Celsius,Zone-A,99.4
2026-02-27T05:54:01.328482,TEMP-1000,20.65,66.6,Celsius,Zone-A,99.4
2026-02-27T06:54:01.328482,TEMP-1000,19.86,72.7,Celsius,Zone-A,99.4
2026-02-27T07:54:01.328482,TEMP-1000,19.59,65.5,Celsius,Zone-A,99.4
2026-02-27T08:54:01.328482,TEMP-1000,18.72,70.9,Celsius,Zone-A,99.4
2026-02-27T09:54:01.328482,TEMP-1000,17.54,78.1,Celsius,Zone-A,99.4
2026-02-27T10:54:01.328482,TEMP-1000,18.29,72.0,Celsius,Zone-A,99.4
2026-02-27T11:54:01.328482,TEMP-1000,17.73,76.0,Celsius,Zone-A,99.4
2026-02-27T12:54:01.328482,TEMP-1000,17.45,76.7,Celsius,Zone-A,99.4
2026-02-27T13:54:01.328482,TEMP-1000,18.67,75.6,Celsius,Zone-A,99.4
2026-02-27T14:54:01.328482,TEMP-1000,17.63,72.1,Celsius,Zone-A,99.4
2026-02-27T15:54:01.328482,TEMP-1000,18.72,74.8,Celsius,Zone-A,99.4
2026-02-27T16:54:01.328482,TEMP-1000,19.67,65.5,Celsius,Zone-A,99.4
2026-02-27T17:54:01.328482,TEMP-1000,20.14,71.6,Celsius,Zone-A,99.4
2026-02-27T18:54:01.328482,TEMP-1000,20.72,68.8,Celsius,Zone-A,99.4
2026-02-27T19:54:01.328482,TEMP-1000,22.31,60.6,Celsius,Zone-A,99.4
2026-02-27T20:54:01.328482,TEMP-1000,21.31,68.2,Celsius,Zone-A,99.4
2026-02-27T21:54:01.328482,TEMP-1000,21.92,63.7,Celsius,Zone-A,99.4
2026-02-27T22:54:01.328482,TEMP-1000,21.8,60.7,Celsius,Zone-A,99.4
2026-02-27T23:54:01.328482,TEMP-1000,22.99,60.0,Celsius,Zone-A,99.4
2026-02-28T00:54:01.328482,TEMP-1000,22.68,61.3,Celsius,Zone-A,99.4
2026-02-28T01:54:01.328482,TEMP-1000,22.12,68.7,Celsius,Zone-A,99.4
2026-02-28T02:54:01.328482,TEMP-1000,22.0,66.2,Celsius,Zone-A,99.4
2026-02-28T03:54:01.328482,TEMP-1000,21.81,65.6,Celsius,Zone-A,99.4
2026-02-28T04:54:01.328482,TEMP-1000,20.66,70.4,Celsius,Zone-A,99.4
2026-02-28T05:54:01.328482,TEMP-1000,20.5,66.6,Celsius,Zone-A,99.4
2026-02-28T06:54:01.328482,TEMP-1000,18.43,71.4,Celsius,Zone-A,99.4
2026-02-28T07:54:01.328482,TEMP-1000,19.14,70.4,Celsius,Zone-A,99.4
2026-02-28T08:54:01.328482,TEMP-1000,18.1,70.1,Celsius,Zone-A,99.4
2026-02-28T09:54:01.328482,TEMP-1000,17.74,73.1,Celsius,Zone-A,99.4
2026-02-28T10:54:01.328482,TEMP-1000,18.54,70.1,Celsius,Zone-A,99.4
2026-02-28T11:54:01.328482,TEMP-1000,18.35,75.6,Celsius,Zone-A,99.4
2026-02-28T12:54:01.328482,TEMP-1000,17.95,70.2,Celsius,Zone-A,99.4
2026-02-28T13:54:01.328482,TEMP-1000,18.56,72.1,Celsius,Zone-A,99.4
2026-02-28T14:54:01.328482,TEMP-1000,18.0,76.6,Celsius,Zone-A,99.4
2026-02-28T15:54:01.328482,TEMP-1000,19.01,71.6,Celsius,Zone-A,99.4
2026-02-28T16:54:01.328482,TEMP-1000,19.24,70.6,Celsius,Zone-A,99.4
2026-02-28T17:54:01.328482,TEMP-1000,20.35,69.1,Celsius,Zone-A,99.4
2026-02-28T18:54:01.328482,TEMP-1000,21.24,68.7,Celsius,Zone-A,99.4
2026-02-28T19:54:01.328482,TEMP-1000,21.34,66.1,Celsius,Zone-A,99.4
2026-02-28T20:54:01.328482,TEMP-1000,21.61,66.3,Celsius,Zone-A,99.4
2026-02-28T21:54:01.328482,TEMP-1000,22.33,67.2,Celsius,Zone-A,99.4
2026-02-28T22:54:01.328482,TEMP-1000,23.47,63.3,Celsius,Zone-A,99.4
2026-02-28T23:54:01.328482,TEMP-1000,22.64,64.7,Celsius,Zone-A,99.4
2026-03-01T00:54:01.328482,TEMP-1000,22.57,68.3,Celsius,Zone-A,99.3
2026-03-01T01:54:01.328482,TEMP-1000,22.42,63.0,Celsius,Zone-A,99.3
2026-03-01T02:54:01.328482,TEMP-1000,21.42,63.8,Celsius,Zone-A,99.3
2026-03-01T03:54:01.328482,TEMP-1000,21.37,64.2,Celsius,Zone-A,99.3
2026-03-01T04:54:01.328482,TEMP-1000,20.73,71.8,Celsius,Zone-A,99.3
2026-03-01T05:54:01.328482,TEMP-1000,20.86,71.2,Celsius,Zone-A,99.3
2026-03-01T06:54:01.328482,TEMP-1000,19.14,71.4,Celsius,Zone-A,99.3
2026-03-01T07:54:01.328482,TEMP-1000,18.62,67.6,Celsius,Zone-A,99.3
2026-03-01T08:54:01.328482,TEMP-1000,18.95,72.3,Celsius,Zone-A,99.3
2026-03-01T09:54:01.328482,TEMP-1000,18.03,75.5,Celsius,Zone-A,99.3
2026-03-01T10:54:01.328482,TEMP-1000,17.61,78.7,Celsius,Zone-A,99.3
2026-03-01T11:54:01.328482,TEMP-1000,17.72,75.8,Celsius,Zone-A,99.3
2026-03-01T12:54:01.328482,TEMP-1000,18.14,72.3,Celsius,Zone-A,99.3
2026-03-01T13:54:01.328482,TEMP-1000,17.83,74.3,Celsius,Zone-A,99.3
2026-03-01T14:54:01.328482,TEMP-1000,18.45,72.6,Celsius,Zone-A,99.3
2026-03-01T15:54:01.328482,TEMP-1000,19.4,64.1,Celsius,Zone-A,99.3
2026-03-01T16:54:01.328482,TEMP-1000,19.35,72.4,Celsius,Zone-A,99.3
2026-03-01T17:54:01.328482,TEMP-1000,20.28,66.9,Celsius,Zone-A,99.3
2026-03-01T18:54:01.328482,TEMP-1000,20.68,66.6,Celsius,Zone-A,99.3
2026-03-01T19:54:01.328482,TEMP-1000,22.34,60.7,Celsius,Zone-A,99.3
2026-03-01T20:54:01.328482,TEMP-1000,22.15,60.1,Celsius,Zone-A,99.3
2026-03-01T21:54:01.328482,TEMP-1000,22.12,56.5,Celsius,Zone-A,99.3
2026-03-01T22:54:01.328482,TEMP-1000,22.89,62.3,Celsius,Zone-A,99.3
2026-03-01T23:54:01.328482,TEMP-1000,22.81,62.6,Celsius,Zone-A,99.3
2026-03-02T00:54:01.328482,TEMP-1000,22.48,69.9,Celsius,Zone-A,99.3
2026-03-02T01:54:01.328482,TEMP-1000,23.69,58.0,Celsius,Zone-A,99.3
2026-03-02T02:54:01.328482,TEMP-1000,22.52,71.0,Celsius,Zone-A,99.3
2026-03-02T03:54:01.328482,TEMP-1000,21.34,66.4,Celsius,Zone-A,99.3
2026-03-02T04:54:01.328482,TEMP-1000,20.95,68.2,Celsius,Zone-A,99.3
2026-03-02T05:54:01.328482,TEMP-1000,20.85,68.7,Celsius,Zone-A,99.3
2026-03-02T06:54:01.328482,TEMP-1000,19.65,66.3,Celsius,Zone-A,99.3
2026-03-02T07:54:01.328482,TEMP-1000,19.88,71.3,Celsius,Zone-A,99.3
2026-03-02T08:54:01.328482,TEMP-1000,18.91,73.4,Celsius,Zone-A,99.3
2026-03-02T09:54:01.328482,TEMP-1000,17.98,76.1,Celsius,Zone-A,99.3
2026-03-02T10:54:01.328482,TEMP-1000,17.95,71.7,Celsius,Zone-A,99.3
2026-03-02T11:54:01.328482,TEMP-1000,18.16,68.3,Celsius,Zone-A,99.3
2026-03-02T12:54:01.328482,TEMP-1000,17.44,74.0,Celsius,Zone-A,99.3
2026-03-02T13:54:01.328482,TEMP-1000,18.57,70.7,Celsius,Zone-A,99.3
2026-03-02T14:54:01.328482,TEMP-1000,18.38,76.5,Celsius,Zone-A,99.3
2026-03-02T15:54:01.328482,TEMP-1000,18.29,73.1,Celsius,Zone-A,99.3
2026-03-02T16:54:01.328482,TEMP-1000,19.35,69.0,Celsius,Zone-A,99.3
2026-03-02T17:54:01.328482,TEMP-1000,20.5,66.2,Celsius,Zone-A,99.3
2026-03-02T18:54:01.328482,TEMP-1000,20.69,73.1,Celsius,Zone-A,99.3
2026-03-02T19:54:01.328482,TEMP-1000,21.3,64.9,Celsius,Zone-A,99.3
2026-03-02T20:54:01.328482,TEMP-1000,22.41,59.8,Celsius,Zone-A,99.3
2026-03-02T21:54:01.328482,TEMP-1000,22.32,62.8,Celsius,Zone-A,99.3
2026-03-02T22:54:01.328482,TEMP-1000,22.37,61.5,Celsius,Zone-A,99.3
2026-03-02T23:54:01.328482,TEMP-1000,22.78,65.0,Celsius,Zone-A,99.3
2026-03-03T00:54:01.328482,TEMP-1000,22.98,65.8,Celsius,Zone-A,99.3
2026-03-03T01:54:01.328482,TEMP-1000,22.28,64.4,Celsius,Zone-A,99.3
2026-03-03T02:54:01.328482,TEMP-1000,21.35,63.5,Celsius,Zone-A,99.3
2026-03-03T03:54:01.328482,TEMP-1000,22.08,62.5,Celsius,Zone-A,99.3
2026-03-03T04:54:01.328482,TEMP-1000,20.33,65.5,Celsius,Zone-A,99.3
2026-03-03T05:54:01.328482,TEMP-1000,20.5,68.4,Celsius,Zone-A,99.3
2026-03-03T06:54:01.328482,TEMP-1000,18.92,72.3,Celsius,Zone-A,99.3
2026-03-03T07:54:01.328482,TEMP-1000,18.69,74.7,Celsius,Zone-A,99.3
2026-03-03T08:54:01.328482,TEMP-1000,18.6,73.0,Celsius,Zone-A,99.3
2026-03-03T09:54:01.328482,TEMP-1000,17.53,75.7,Celsius,Zone-A,99.3
2026-03-03T10:54:01.328482,TEMP-1000,16.84,69.5,Celsius,Zone-A,99.3
2026-03-03T11:54:01.328482,TEMP-1000,17.74,75.2,Celsius,Zone-A,99.3
2026-03-03T12:54:01.328482,TEMP-1000,18.94,68.1,Celsius,Zone-A,99.3
2026-03-03T13:54:01.328482,TEMP-1000,18.64,74.7,Celsius,Zone-A,99.3
2026-03-03T14:54:01.328482,TEMP-1000,17.88,70.5,Celsius,Zone-A,99.3
2026-03-03T15:54:01.328482,TEMP-1000,18.84,70.7,Celsius,Zone-A,99.3
2026-03-03T16:54:01.328482,TEMP-1000,19.07,66.9,Celsius,Zone-A,99.3
2026-03-03T17:54:01.328482,TEMP-1000,20.49,67.6,Celsius,Zone-A,99.3
2026-03-03T18:54:01.328482,TEMP-1000,21.27,67.5,Celsius,Zone-A,99.3
2026-03-03T19:54:01.328482,TEMP-1000,22.25,61.3,Celsius,Zone-A,99.3
2026-03-03T20:54:01.328482,TEMP-1000,21.82,65.0,Celsius,Zone-A,99.3
2026-03-03T21:54:01.328482,TEMP-1000,21.65,65.5,Celsius,Zone-A,99.3
2026-03-03T22:54:01.328482,TEMP-1000,22.77,59.2,Celsius,Zone-A,99.3
2026-03-03T23:54:01.328482,TEMP-1000,22.72,59.6,Celsius,Zone-A,99.2
2026-03-04T00:54:01.328482,TEMP-1000,22.95,60.9,Celsius,Zone-A,99.2
2026-03-04T01:54:01.328482,TEMP-1000,21.8,65.9,Celsius,Zone-A,99.2
2026-03-04T02:54:01.328482,TEMP-1000,21.88,61.2,Celsius,Zone-A,99.2
2026-03-04T03:54:01.328482,TEMP-1000,23.07,60.8,Celsius,Zone-A,99.2
2026-03-04T04:54:01.328482,TEMP-1000,21.12,70.4,Celsius,Zone-A,99.2
2026-03-04T05:54:01.328482,TEMP-1000,20.37,67.1,Celsius,Zone-A,99.2
2026-03-04T06:54:01.328482,TEMP-1000,19.18,67.8,Celsius,Zone-A,99.2
2026-03-04T07:54:01.328482,TEMP-1000,18.29,69.4,Celsius,Zone-A,99.2
2026-03-04T08:54:01.328482,TEMP-1000,17.7,68.9,Celsius,Zone-A,99.2
2026-03-04T09:54:01.328482,TEMP-1000,18.09,75.7,Celsius,Zone-A,99.2
2026-03-04T10:54:01.328482,TEMP-1000,17.75,72.3,Celsius,Zone-A,99.2
2026-03-04T11:54:01.328482,TEMP-1000,17.69,70.0,Celsius,Zone-A,99.2
2026-03-04T12:54:01.328482,TEMP-1000,18.14,67.3,Celsius,Zone-A,99.2
2026-03-04T13:54:01.328482,TEMP-1000,18.36,72.1,Celsius,Zone-A,99.2
2026-03-04T14:54:01.328482,TEMP-1000,18.96,65.3,Celsius,Zone-A,99.2
2026-03-04T15:54:01.328482,TEMP-1000,18.43,71.8,Celsius,Zone-A,99.2
2026-03-04T16:54:01.328482,TEMP-1000,19.91,68.4,Celsius,Zone-A,99.2
2026-03-04T17:54:01.328482,TEMP-1000,19.29,72.2,Celsius,Zone-A,99.2
2026-03-04T18:54:01.328482,TEMP-1000,20.7,69.3,Celsius,Zone-A,99.2
2026-03-04T19:54:01.328482,TEMP-1000,21.6,70.4,Celsius,Zone-A,99.2
2026-03-04T20:54:01.328482,TEMP-1000,21.91,65.6,Celsius,Zone-A,99.2
2026-03-04T21:54:01.328482,TEMP-1000,23.17,67.6,Celsius,Zone-A,99.2
2026-03-04T22:54:01.328482,TEMP-1000,23.47,59.6,Celsius,Zone-A,99.2
2026-03-04T23:54:01.328482,TEMP-1000,22.71,67.5,Celsius,Zone-A,99.2
2026-03-05T00:54:01.328482,TEMP-1000,22.38,66.0,Celsius,Zone-A,99.2
2026-03-05T01:54:01.328482,TEMP-1000,22.1,60.6,Celsius,Zone-A,99.2
2026-03-05T02:54:01.328482,TEMP-1000,21.5,70.3,Celsius,Zone-A,99.2
2026-03-05T03:54:01.328482,TEMP-1000,22.18,59.0,Celsius,Zone-A,99.2
2026-03-05T04:54:01.328482,TEMP-1000,21.36,70.5,Celsius,Zone-A,99.2
2026-03-05T05:54:01.328482,TEMP-1000,20.4,65.2,Celsius,Zone-A,99.2
2026-03-05T06:54:01.328482,TEMP-1000,19.48,69.2,Celsius,Zone-A,99.2
2026-03-05T07:54:01.328482,TEMP-1000,19.62,79.1,Celsius,Zone-A,99.2
2026-03-05T08:54:01.328482,TEMP-1000,18.2,77.1,Celsius,Zone-A,99.2
2026-03-05T09:54:01.328482,TEMP-1000,18.48,69.7,Celsius,Zone-A,99.2
2026-03-05T10:54:01.328482,TEMP-1000,17.56,68.3,Celsius,Zone-A,99.2
2026-03-05T11:54:01.328482,TEMP-1000,17.67,75.1,Celsius,Zone-A,99.2
2026-03-05T12:54:01.328482,TEMP-1000,18.26,66.3,Celsius,Zone-A,99.2
2026-03-05T13:54:01.328482,TEMP-1000,17.98,75.4,Celsius,Zone-A,99.2
2026-03-05T14:54:01.328482,TEMP-1000,18.2,77.6,Celsius,Zone-A,99.2
2026-03-05T15:54:01.328482,TEMP-1000,18.88,75.4,Celsius,Zone-A,99.2
2026-03-05T16:54:01.328482,TEMP-1000,20.2,68.0,Celsius,Zone-A,99.2
2026-03-05T17:54:01.328482,TEMP-1000,20.54,69.3,Celsius,Zone-A,99.2
2026-03-05T18:54:01.328482,TEMP-1000,19.68,78.4,Celsius,Zone-A,99.2
2026-03-05T19:54:01.328482,TEMP-1000,21.41,67.7,Celsius,Zone-A,99.2
2026-03-05T20:54:01.328482,TEMP-1000,22.22,64.9,Celsius,Zone-A,99.2
2026-03-05T21:54:01.328482,TEMP-1000,22.65,65.1,Celsius,Zone-A,99.2
2026-03-05T22:54:01.328482,TEMP-1000,23.41,60.6,Celsius,Zone-A,99.2
2026-03-05T23:54:01.328482,TEMP-1000,23.29,60.5,Celsius,Zone-A,99.2
2026-03-06T00:54:01.328482,TEMP-1000,22.34,63.0,Celsius,Zone-A,99.2
2026-03-06T01:54:01.328482,TEMP-1000,22.96,61.2,Celsius,Zone-A,99.2
2026-03-06T02:54:01.328482,TEMP-1000,21.86,65.5,Celsius,Zone-A,99.2
2026-03-06T03:54:01.328482,TEMP-1000,22.21,66.0,Celsius,Zone-A,99.2
2026-03-06T04:54:01.328482,TEMP-1000,20.99,68.7,Celsius,Zone-A,99.2
2026-03-06T05:54:01.328482,TEMP-1000,19.86,70.8,Celsius,Zone-A,99.2
2026-03-06T06:54:01.328482,TEMP-1000,19.84,72.7,Celsius,Zone-A,99.2
2026-03-06T07:54:01.328482,TEMP-1000,17.43,76.7,Celsius,Zone-A,99.2
2026-03-06T08:54:01.328482,TEMP-1000,19.15,71.4,Celsius,Zone-A,99.2
2026-03-06T09:54:01.328482,TEMP-1000,17.71,75.0,Celsius,Zone-A,99.2
2026-03-06T10:54:01.328482,TEMP-1000,18.12,74.9,Celsius,Zone-A,99.2
2026-03-06T11:54:01.328482,TEMP-1000,17.65,70.7,Celsius,Zone-A,99.2
2026-03-06T12:54:01.328482,TEMP-1000,18.87,79.8,Celsius,Zone-A,99.2
2026-03-06T13:54:01.328482,TEMP-1000,18.28,68.3,Celsius,Zone-A,99.2
2026-03-06T14:54:01.328482,TEMP-1000,19.24,70.6,Celsius,Zone-A,99.2
2026-03-06T15:54:01.328482,TEMP-1000,18.24,68.9,Celsius,Zone-A,99.2
2026-03-06T16:54:01.328482,TEMP-1000,20.14,69.1,Celsius,Zone-A,99.2
2026-03-06T17:54:01.328482,TEMP-1000,20.26,65.9,Celsius,Zone-A,99.2
2026-03-06T18:54:01.328482,TEMP-1000,20.33,68.7,Celsius,Zone-A,99.2
2026-03-06T19:54:01.328482,TEMP-1000,21.52,65.8,Celsius,Zone-A,99.2
2026-03-06T20:54:01.328482,TEMP-1000,22.7,62.1,Celsius,Zone-A,99.2
2026-03-06T21:54:01.328482,TEMP-1000,22.3,64.0,Celsius,Zone-A,99.2
2026-03-06T22:54:01.328482,TEMP-1000,22.25,62.2,Celsius,Zone-A,99.2
2026-03-06T23:54:01.328482,TEMP-1000,22.6,63.2,Celsius,Zone-A,99.2
2026-03-07T00:54:01.328482,TEMP-1000,22.15,63.8,Celsius,Zone-A,99.1
2026-03-07T01:54:01.328482,TEMP-1000,21.74,65.8,Celsius,Zone-A,99.1
2026-03-07T02:54:01.328482,TEMP-1000,21.93,64.4,Celsius,Zone-A,99.1
2026-03-07T03:54:01.328482,TEMP-1000,21.83,68.1,Celsius,Zone-A,99.1
2026-03-07T04:54:01.328482,TEMP-1000,21.68,67.0,Celsius,Zone-A,99.1
2026-03-07T05:54:01.328482,TEMP-1000,20.57,68.2,Celsius,Zone-A,99.1
2026-03-07T06:54:01.328482,TEMP-1000,20.58,69.6,Celsius,Zone-A,99.1
2026-03-07T07:54:01.328482,TEMP-1000,19.2,70.1,Celsius,Zone-A,99.1
2026-03-07T08:54:01.328482,TEMP-1000,17.89,71.1,Celsius,Zone-A,99.1
2026-03-07T09:54:01.328482,TEMP-1000,18.74,72.9,Celsius,Zone-A,99.1
2026-03-07T10:54:01.328482,TEMP-1000,17.8,75.0,Celsius,Zone-A,99.1
2026-03-07T11:54:01.328482,TEMP-1000,17.98,71.6,Celsius,Zone-A,99.1
2026-03-07T12:54:01.328482,TEMP-1000,17.78,78.7,Celsius,Zone-A,99.1
2026-03-07T13:54:01.328482,TEMP-1000,17.82,75.9,Celsius,Zone-A,99.1
2026-03-07T14:54:01.328482,TEMP-1000,19.14,72.4,Celsius,Zone-A,99.1
2026-03-07T15:54:01.328482,TEMP-1000,19.86,70.2,Celsius,Zone-A,99.1
2026-03-07T16:54:01.328482,TEMP-1000,19.47,68.6,Celsius,Zone-A,99.1
2026-03-07T17:54:01.328482,TEMP-1000,20.67,65.5,Celsius,Zone-A,99.1
2026-03-07T18:54:01.328482,TEMP-1000,21.01,70.0,Celsius,Zone-A,99.1
2026-03-07T19:54:01.328482,TEMP-1000,21.1,69.4,Celsius,Zone-A,99.1
2026-03-07T20:54:01.328482,TEMP-1000,22.43,62.7,Celsius,Zone-A,99.1
2026-03-07T21:54:01.328482,TEMP-1000,21.49,64.2,Celsius,Zone-A,99.1
2026-03-07T22:54:01.328482,TEMP-1000,22.45,69.7,Celsius,Zone-A,99.1
2026-03-07T23:54:01.328482,TEMP-1000,22.79,62.6,Celsius,Zone-A,99.1
2026-03-08T00:54:01.328482,TEMP-1000,22.96,65.1,Celsius,Zone-A,99.1
2026-03-08T01:54:01.328482,TEMP-1000,23.12,61.2,Celsius,Zone-A,99.1
2026-03-08T02:54:01.328482,TEMP-1000,22.54,57.1,Celsius,Zone-A,99.1
2026-03-08T03:54:01.328482,TEMP-1000,21.82,65.1,Celsius,Zone-A,99.1
2026-03-08T04:54:01.328482,TEMP-1000,21.14,69.7,Celsius,Zone-A,99.1
2026-03-08T05:54:01.328482,TEMP-1000,19.01,71.7,Celsius,Zone-A,99.1
2026-03-08T06:54:01.328482,TEMP-1000,19.55,65.6,Celsius,Zone-A,99.1
2026-03-08T07:54:01.328482,TEMP-1000,19.27,69.7,Celsius,Zone-A,99.1
2026-03-08T08:54:01.328482,TEMP-1000,19.54,75.3,Celsius,Zone-A,99.1
2026-03-08T09:54:01.328482,TEMP-1000,17.97,71.8,Celsius,Zone-A,99.1
2026-03-08T10:54:01.328482,TEMP-1000,17.16,74.8,Celsius,Zone-A,99.1
2026-03-08T11:54:01.328482,TEMP-1000,17.72,75.0,Celsius,Zone-A,99.1
2026-03-08T12:54:01.328482,TEMP-1000,17.98,73.0,Celsius,Zone-A,99.1
2026-03-08T13:54:01.328482,TEMP-1000,17.31,72.4,Celsius,Zone-A,99.1
2026-03-08T14:54:01.328482,TEMP-1000,18.54,76.2,Celsius,Zone-A,99.1
2026-03-08T15:54:01.328482,TEMP-1000,18.97,74.4,Celsius,Zone-A,99.1
2026-03-08T16:54:01.328482,TEMP-1000,19.46,67.7,Celsius,Zone-A,99.1
2026-03-08T17:54:01.328482,TEMP-1000,19.85,76.0,Celsius,Zone-A,99.1
2026-03-08T18:54:01.328482,TEMP-1000,21.1,69.0,Celsius,Zone-A,99.1
2026-03-08T19:54:01.328482,TEMP-1000,20.89,68.3,Celsius,Zone-A,99.1
2026-03-08T20:54:01.328482,TEMP-1000,23.51,62.1,Celsius,Zone-A,99.1
2026-03-08T21:54:01.328482,TEMP-1000,21.84,63.5,Celsius,Zone-A,99.1
2026-03-08T22:54:01.328482,TEMP-1000,23.79,64.5,Celsius,Zone-A,99.1
2026-03-08T23:54:01.328482,TEMP-1000,23.03,65.0,Celsius,Zone-A,99.1
2026-03-09T00:54:01.328482,TEMP-1000,22.64,62.7,Celsius,Zone-A,99.1
2026-03-09T01:54:01.328482,TEMP-1000,21.88,64.9,Celsius,Zone-A,99.1
2026-03-09T02:54:01.328482,TEMP-1000,22.69,60.4,Celsius,Zone-A,99.1
2026-03-09T03:54:01.328482,TEMP-1000,21.39,65.2,Celsius,Zone-A,99.1
2026-03-09T04:54:01.328482,TEMP-1000,20.62,67.0,Celsius,Zone-A,99.1
2026-03-09T05:54:01.328482,TEMP-1000,20.48,68.2,Celsius,Zone-A,99.1
2026-03-09T06:54:01.328482,TEMP-1000,19.12,71.6,Celsius,Zone-A,99.1
2026-03-09T07:54:01.328482,TEMP-1000,20.07,68.4,Celsius,Zone-A,99.1
2026-03-09T08:54:01.328482,TEMP-1000,18.75,69.0,Celsius,Zone-A,99.1
2026-03-09T09:54:01.328482,TEMP-1000,17.69,77.8,Celsius,Zone-A,99.1
2026-03-09T10:54:01.328482,TEMP-1000,16.97,71.1,Celsius,Zone-A,99.1
2026-03-09T11:54:01.328482,TEMP-1000,17.75,76.7,Celsius,Zone-A,99.1
2026-03-09T12:54:01.328482,TEMP-1000,16.92,75.2,Celsius,Zone-A,99.1
2026-03-09T13:54:01.328482,TEMP-1000,17.85,71.5,Celsius,Zone-A,99.1
2026-03-09T14:54:01.328482,TEMP-1000,18.15,74.9,Celsius,Zone-A,99.1
2026-03-09T15:54:01.328482,TEMP-1000,18.53,77.7,Celsius,Zone-A,99.1
2026-03-09T16:54:01.328482,TEMP-1000,19.52,67.9,Celsius,Zone-A,99.1
2026-03-09T17:54:01.328482,TEMP-1000,19.67,70.7,Celsius,Zone-A,99.1
2026-03-09T18:54:01.328482,TEMP-1000,21.22,69.7,Celsius,Zone-A,99.1
2026-03-09T19:54:01.328482,TEMP-1000,21.95,70.1,Celsius,Zone-A,99.1
2026-03-09T20:54:01.328482,TEMP-1000,22.24,62.8,Celsius,Zone-A,99.1
2026-03-09T21:54:01.328482,TEMP-1000,22.97,62.4,Celsius,Zone-A,99.1
2026-03-09T22:54:01.328482,TEMP-1000,23.14,65.8,Celsius,Zone-A,99.1
2026-03-09T23:54:01.328482,TEMP-1000,22.48,60.8,Celsius,Zone-A,99.0
2026-03-10T00:54:01.328482,TEMP-1000,22.32,61.6,Celsius,Zone-A,99.0
2026-03-10T01:54:01.328482,TEMP-1000,22.68,63.5,Celsius,Zone-A,99.0
2026-03-10T02:54:01.328482,TEMP-1000,21.82,65.2,Celsius,Zone-A,99.0
2026-03-10T03:54:01.328482,TEMP-1000,20.0,69.5,Celsius,Zone-A,99.0
2026-03-10T04:54:01.328482,TEMP-1000,20.79,67.6,Celsius,Zone-A,99.0
2026-03-10T05:54:01.328482,TEMP-1000,21.25,66.2,Celsius,Zone-A,99.0
2026-03-10T06:54:01.328482,TEMP-1000,20.34,64.5,Celsius,Zone-A,99.0
2026-03-10T07:54:01.328482,TEMP-1000,19.1,75.5,Celsius,Zone-A,99.0
2026-03-10T08:54:01.328482,TEMP-1000,18.28,65.4,Celsius,Zone-A,99.0
2026-03-10T09:54:01.328482,TEMP-1000,17.63,74.5,Celsius,Zone-A,99.0
2026-03-10T10:54:01.328482,TEMP-1000,18.37,70.5,Celsius,Zone-A,99.0
2026-03-10T11:54:01.328482,TEMP-1000,18.22,74.2,Celsius,Zone-A,99.0
2026-03-10T12:54:01.328482,TEMP-1000,17.87,76.3,Celsius,Zone-A,99.0
2026-03-10T13:54:01.328482,TEMP-1000,19.01,71.5,Celsius,Zone-A,99.0
2026-03-10T14:54:01.328482,TEMP-1000,18.7,69.4,Celsius,Zone-A,99.0
2026-03-10T15:54:01.328482,TEMP-1000,19.89,69.3,Celsius,Zone-A,99.0
2026-03-10T16:54:01.328482,TEMP-1000,19.78,65.3,Celsius,Zone-A,99.0
2026-03-10T17:54:01.328482,TEMP-1000,19.9,72.3,Celsius,Zone-A,99.0
2026-03-10T18:54:01.328482,TEMP-1000,19.96,68.7,Celsius,Zone-A,99.0
2026-03-10T19:54:01.328482,TEMP-1000,21.71,65.9,Celsius,Zone-A,99.0
2026-03-10T20:54:01.328482,TEMP-1000,22.34,66.0,Celsius,Zone-A,99.0
2026-03-10T21:54:01.328482,TEMP-1000,23.56,56.7,Celsius,Zone-A,99.0
2026-03-10T22:54:01.328482,TEMP-1000,22.09,58.4,Celsius,Zone-A,99.0
2026-03-10T23:54:01.328482,TEMP-1000,21.76,66.1,Celsius,Zone-A,99.0
2026-03-11T00:54:01.328482,TEMP-1000,22.33,67.0,Celsius,Zone-A,99.0
2026-03-11T01:54:01.328482,TEMP-1000,22.56,67.1,Celsius,Zone-A,99.0
2026-03-11T02:54:01.328482,TEMP-1000,21.38,64.5,Celsius,Zone-A,99.0
2026-03-11T03:54:01.328482,TEMP-1000,21.06,62.3,Celsius,Zone-A,99.0
2026-03-11T04:54:01.328482,TEMP-1000,21.16,68.8,Celsius,Zone-A,99.0
2026-03-11T05:54:01.328482,TEMP-1000,19.89,63.1,Celsius,Zone-A,99.0
2026-03-11T06:54:01.328482,TEMP-1000,19.59,67.1,Celsius,Zone-A,99.0
2026-03-11T07:54:01.328482,TEMP-1000,18.75,76.7,Celsius,Zone-A,99.0
2026-03-11T08:54:01.328482,TEMP-1000,18.31,72.7,Celsius,Zone-A,99.0
2026-03-11T09:54:01.328482,TEMP-1000,18.27,69.3,Celsius,Zone-A,99.0
2026-03-11T10:54:01.328482,TEMP-1000,17.4,71.2,Celsius,Zone-A,99.0
2026-03-11T11:54:01.328482,TEMP-1000,17.72,80.3,Celsius,Zone-A,99.0
2026-03-11T12:54:01.328482,TEMP-1000,18.01,67.9,Celsius,Zone-A,99.0
2026-03-11T13:54:01.328482,TEMP-1000,18.35,68.3,Celsius,Zone-A,99.0
2026-03-11T14:54:01.328482,TEMP-1000,18.73,69.4,Celsius,Zone-A,99.0
2026-03-11T15:54:01.328482,TEMP-1000,19.05,73.6,Celsius,Zone-A,99.0
2026-03-11T16:54:01.328482,TEMP-1000,19.45,66.4,Celsius,Zone-A,99.0
2026-03-11T17:54:01.328482,TEMP-1000,19.88,65.5,Celsius,Zone-A,99.0
2026-03-11T18:54:01.328482,TEMP-1000,20.75,71.1,Celsius,Zone-A,99.0
2026-03-11T19:54:01.328482,TEMP-1000,20.98,66.4,Celsius,Zone-A,99.0
2026-03-11T20:54:01.328482,TEMP-1000,21.26,64.3,Celsius,Zone-A,99.0
2026-03-11T21:54:01.328482,TEMP-1000,23.33,65.0,Celsius,Zone-A,99.0
2026-03-11T22:54:01.328482,TEMP-1000,23.45,65.5,Celsius,Zone-A,99.0
2026-03-11T23:54:01.328482,TEMP-1000,23.09,63.7,Celsius,Zone-A,99.0
2026-03-12T00:54:01.328482,TEMP-1000,22.82,60.9,Celsius,Zone-A,99.0
2026-03-12T01:54:01.328482,TEMP-1000,22.09,64.6,Celsius,Zone-A,99.0
2026-03-12T02:54:01.328482,TEMP-1000,21.63,62.0,Celsius,Zone-A,99.0
2026-03-12T03:54:01.328482,TEMP-1000,21.42,63.2,Celsius,Zone-A,99.0
2026-03-12T04:54:01.328482,TEMP-1000,20.95,66.3,Celsius,Zone-A,99.0
2026-03-12T05:54:01.328482,TEMP-1000,20.49,71.4,Celsius,Zone-A,99.0
2026-03-12T06:54:01.328482,TEMP-1000,19.5,71.8,Celsius,Zone-A,99.0
2026-03-12T07:54:01.328482,TEMP-1000,19.21,72.9,Celsius,Zone-A,99.0
2026-03-12T08:54:01.328482,TEMP-1000,19.22,65.3,Celsius,Zone-A,99.0
2026-03-12T09:54:01.328482,TEMP-1000,16.78,79.5,Celsius,Zone-A,99.0
2026-03-12T10:54:01.328482,TEMP-1000,17.55,74.0,Celsius,Zone-A,99.0
2026-03-12T11:54:01.328482,TEMP-1000,17.57,79.2,Celsius,Zone-A,99.0
2026-03-12T12:54:01.328482,TEMP-1000,17.05,75.3,Celsius,Zone-A,99.0
2026-03-12T13:54:01.328482,TEMP-1000,17.8,68.8,Celsius,Zone-A,99.0
2026-03-12T14:54:01.328482,TEMP-1000,18.36,73.7,Celsius,Zone-A,99.0
2026-03-12T15:54:01.328482,TEMP-1000,17.93,72.5,Celsius,Zone-A,99.0
2026-03-12T16:54:01.328482,TEMP-1000,20.09,73.6,Celsius,Zone-A,99.0
2026-03-12T17:54:01.328482,TEMP-1000,20.78,66.7,Celsius,Zone-A,99.0
2026-03-12T18:54:01.328482,TEMP-1000,20.3,73.3,Celsius,Zone-A,99.0
2026-03-12T19:54:01.328482,TEMP-1000,21.92,57.4,Celsius,Zone-A,99.0
2026-03-12T20:54:01.328482,TEMP-1000,22.16,64.9,Celsius,Zone-A,99.0
2026-03-12T21:54:01.328482,TEMP-1000,22.94,65.6,Celsius,Zone-A,99.0
2026-03-12T22:54:01.328482,TEMP-1000,22.54,64.1,Celsius,Zone-A,99.0
2026-03-12T23:54:01.328482,TEMP-1000,22.55,65.0,Celsius,Zone-A,99.0
2026-03-13T00:54:01.328482,TEMP-1000,24.09,58.7,Celsius,Zone-A,98.9
2026-03-13T01:54:01.328482,TEMP-1000,22.0,66.3,Celsius,Zone-A,98.9
2026-03-13T02:54:01.328482,TEMP-1000,22.34,68.0,Celsius,Zone-A,98.9
2026-03-13T03:54:01.328482,TEMP-1000,21.63,68.3,Celsius,Zone-A,98.9
2026-03-13T04:54:01.328482,TEMP-1000,20.93,64.8,Celsius,Zone-A,98.9
2026-03-13T05:54:01.328482,TEMP-1000,20.74,67.1,Celsius,Zone-A,98.9
2026-03-13T06:54:01.328482,TEMP-1000,20.03,70.3,Celsius,Zone-A,98.9
2026-03-13T07:54:01.328482,TEMP-1000,18.77,68.1,Celsius,Zone-A,98.9
2026-03-13T08:54:01.328482,TEMP-1000,19.33,67.5,Celsius,Zone-A,98.9
2026-03-13T09:54:01.328482,TEMP-1000,18.46,71.8,Celsius,Zone-A,98.9
2026-03-13T10:54:01.328482,TEMP-1000,17.95,71.0,Celsius,Zone-A,98.9
2026-03-13T11:54:01.328482,TEMP-1000,17.73,80.3,Celsius,Zone-A,98.9
2026-03-13T12:54:01.328482,TEMP-1000,17.75,70.2,Celsius,Zone-A,98.9
2026-03-13T13:54:01.328482,TEMP-1000,18.9,66.9,Celsius,Zone-A,98.9
2026-03-13T14:54:01.328482,TEMP-1000,17.19,72.0,Celsius,Zone-A,98.9
2026-03-13T15:54:01.328482,TEMP-1000,18.7,72.5,Celsius,Zone-A,98.9
2026-03-13T16:54:01.328482,TEMP-1000,18.28,71.4,Celsius,Zone-A,98.9
2026-03-13T17:54:01.328482,TEMP-1000,20.22,65.6,Celsius,Zone-A,98.9
2026-03-13T18:54:01.328482,TEMP-1000,21.53,66.3,Celsius,Zone-A,98.9
2026-03-13T19:54:01.328482,TEMP-1000,21.36,67.9,Celsius,Zone-A,98.9
2026-03-13T20:54:01.328482,TEMP-1000,21.66,67.3,Celsius,Zone-A,98.9
2026-03-13T21:54:01.328482,TEMP-1000,22.45,64.6,Celsius,Zone-A,98.9
2026-03-13T22:54:01.328482,TEMP-1000,23.09,64.4,Celsius,Zone-A,98.9
2026-03-13T23:54:01.328482,TEMP-1000,23.39,61.7,Celsius,Zone-A,98.9
2026-03-14T00:54:01.328482,TEMP-1000,23.13,63.5,Celsius,Zone-A,98.9
2026-03-14T01:54:01.328482,TEMP-1000,22.25,64.7,Celsius,Zone-A,98.9
2026-03-14T02:54:01.328482,TEMP-1000,21.1,65.7,Celsius,Zone-A,98.9
2026-03-14T03:54:01.328482,TEMP-1000,21.52,67.4,Celsius,Zone-A,98.9
2026-03-14T04:54:01.328482,TEMP-1000,20.79,67.7,Celsius,Zone-A,98.9
2026-03-14T05:54:01.328482,TEMP-1000,20.02,65.6,Celsius,Zone-A,98.9
2026-03-14T06:54:01.328482,TEMP-1000,19.16,70.0,Celsius,Zone-A,98.9
2026-03-14T07:54:01.328482,TEMP-1000,19.23,69.7,Celsius,Zone-A,98.9
2026-03-14T08:54:01.328482,TEMP-1000,18.46,80.7,Celsius,Zone-A,98.9
2026-03-14T09:54:01.328482,TEMP-1000,18.38,73.4,Celsius,Zone-A,98.9
2026-03-14T10:54:01.328482,TEMP-1000,17.97,77.4,Celsius,Zone-A,98.9
2026-03-14T11:54:01.328482,TEMP-1000,17.99,76.5,Celsius,Zone-A,98.9
2026-03-14T12:54:01.328482,TEMP-1000,18.33,67.9,Celsius,Zone-A,98.9
2026-03-14T13:54:01.328482,TEMP-1000,18.01,79.7,Celsius,Zone-A,98.9
2026-03-14T14:54:01.328482,TEMP-1000,18.73,71.6,Celsius,Zone-A,98.9
2026-03-14T15:54:01.328482,TEMP-1000,18.72,67.2,Celsius,Zone-A,98.9
2026-03-14T16:54:01.328482,TEMP-1000,19.26,70.9,Celsius,Zone-A,98.9
2026-03-14T17:54:01.328482,TEMP-1000,20.77,66.0,Celsius,Zone-A,98.9
2026-03-14T18:54:01.328482,TEMP-1000,20.66,67.7,Celsius,Zone-A,98.9
2026-03-14T19:54:01.328482,TEMP-1000,20.76,69.8,Celsius,Zone-A,98.9
2026-03-14T20:54:01.328482,TEMP-1000,22.14,69.5,Celsius,Zone-A,98.9
2026-03-14T21:54:01.328482,TEMP-1000,22.08,63.6,Celsius,Zone-A,98.9
2026-03-14T22:54:01.328482,TEMP-1000,22.5,66.0,Celsius,Zone-A,98.9
2026-03-14T23:54:01.328482,TEMP-1000,22.93,65.3,Celsius,Zone-A,98.9
2026-03-15T00:54:01.328482,TEMP-1000,22.24,65.9,Celsius,Zone-A,98.9
2026-03-15T01:54:01.328482,TEMP-1000,22.04,64.0,Celsius,Zone-A,98.9
2026-03-15T02:54:01.328482,TEMP-1000,22.48,64.9,Celsius,Zone-A,98.9
2026-03-15T03:54:01.328482,TEMP-1000,22.29,64.0,Celsius,Zone-A,98.9
2026-03-15T04:54:01.328482,TEMP-1000,21.24,66.5,Celsius,Zone-A,98.9
2026-03-15T05:54:01.328482,TEMP-1000,20.16,67.0,Celsius,Zone-A,98.9
2026-03-15T06:54:01.328482,TEMP-1000,20.01,70.0,Celsius,Zone-A,98.9
2026-03-15T07:54:01.328482,TEMP-1000,18.82,66.9,Celsius,Zone-A,98.9
2026-03-15T08:54:01.328482,TEMP-1000,18.16,77.3,Celsius,Zone-A,98.9
2026-03-15T09:54:01.328482,TEMP-1000,18.18,73.8,Celsius,Zone-A,98.9
2026-03-15T10:54:01.328482,TEMP-1000,17.97,73.7,Celsius,Zone-A,98.9
2026-03-15T11:54:01.328482,TEMP-1000,18.04,74.1,Celsius,Zone-A,98.9
2026-03-15T12:54:01.328482,TEMP-1000,16.85,74.3,Celsius,Zone-A,98.9
2026-03-15T13:54:01.328482,TEMP-1000,17.68,77.9,Celsius,Zone-A,98.9
2026-03-15T14:54:01.328482,TEMP-1000,18.03,74.4,Celsius,Zone-A,98.9
2026-03-15T15:54:01.328482,TEMP-1000,18.97,69.1,Celsius,Zone-A,98.9
2026-03-15T16:54:01.328482,TEMP-1000,19.84,71.9,Celsius,Zone-A,98.9
2026-03-15T17:54:01.328482,TEMP-1000,20.28,74.6,Celsius,Zone-A,98.9
2026-03-15T18:54:01.328482,TEMP-1000,20.51,67.3,Celsius,Zone-A,98.9
2026-03-15T19:54:01.328482,TEMP-1000,21.25,66.2,Celsius,Zone-A,98.9
2026-03-15T20:54:01.328482,TEMP-1000,22.33,62.4,Celsius,Zone-A,98.9
2026-03-15T21:54:01.328482,TEMP-1000,22.05,67.9,Celsius,Zone-A,98.9
2026-03-15T22:54:01.328482,TEMP-1000,22.16,62.7,Celsius,Zone-A,98.9
2026-03-15T23:54:01.328482,TEMP-1000,23.23,63.9,Celsius,Zone-A,98.8
2026-03-16T00:54:01.328482,TEMP-1000,22.16,68.9,Celsius,Zone-A,98.8
2026-03-16T01:54:01.328482,TEMP-1000,22.16,68.9,Celsius,Zone-A,98.8
2026-03-16T02:54:01.328482,TEMP-1000,21.58,64.1,Celsius,Zone-A,98.8
2026-03-16T03:54:01.328482,TEMP-1000,21.18,63.2,Celsius,Zone-A,98.8
2026-03-16T04:54:01.328482,TEMP-1000,20.51,64.8,Celsius,Zone-A,98.8
2026-03-16T05:54:01.328482,TEMP-1000,20.12,75.4,Celsius,Zone-A,98.8
2026-03-16T06:54:01.328482,TEMP-1000,18.71,68.2,Celsius,Zone-A,98.8
2026-03-16T07:54:01.328482,TEMP-1000,19.52,72.4,Celsius,Zone-A,98.8
2026-03-16T08:54:01.328482,TEMP-1000,18.56,71.1,Celsius,Zone-A,98.8
2026-03-16T09:54:01.328482,TEMP-1000,17.88,73.2,Celsius,Zone-A,98.8
2026-03-16T10:54:01.328482,TEMP-1000,17.86,72.3,Celsius,Zone-A,98.8
2026-03-16T11:54:01.328482,TEMP-1000,17.69,77.4,Celsius,Zone-A,98.8
2026-03-16T12:54:01.328482,TEMP-1000,17.47,73.8,Celsius,Zone-A,98.8
2026-03-16T13:54:01.328482,TEMP-1000,18.04,71.5,Celsius,Zone-A,98.8
2026-03-16T14:54:01.328482,TEMP-1000,18.36,70.7,Celsius,Zone-A,98.8
2026-03-16T15:54:01.328482,TEMP-1000,18.92,72.7,Celsius,Zone-A,98.8
2026-03-16T16:54:01.328482,TEMP-1000,19.81,62.9,Celsius,Zone-A,98.8
2026-03-16T17:54:01.328482,TEMP-1000,20.67,69.8,Celsius,Zone-A,98.8
2026-03-16T18:54:01.328482,TEMP-1000,20.65,66.9,Celsius,Zone-A,98.8
2026-03-16T19:54:01.328482,TEMP-1000,21.33,67.5,Celsius,Zone-A,98.8
2026-03-16T20:54:01.328482,TEMP-1000,21.19,64.5,Celsius,Zone-A,98.8
2026-03-16T21:54:01.328482,TEMP-1000,22.93,58.6,Celsius,Zone-A,98.8
2026-03-16T22:54:01.328482,TEMP-1000,23.17,66.3,Celsius,Zone-A,98.8
2026-03-16T23:54:01.328482,TEMP-1000,22.98,65.0,Celsius,Zone-A,98.8
2026-03-17T00:54:01.328482,TEMP-1000,22.46,63.4,Celsius,Zone-A,98.8
2026-03-17T01:54:01.328482,TEMP-1000,23.26,58.8,Celsius,Zone-A,98.8
2026-03-17T02:54:01.328482,TEMP-1000,22.12,66.0,Celsius,Zone-A,98.8
2026-03-17T03:54:01.328482,TEMP-1000,21.08,64.1,Celsius,Zone-A,98.8
2026-03-17T04:54:01.328482,TEMP-1000,20.52,76.5,Celsius,Zone-A,98.8
2026-03-17T05:54:01.328482,TEMP-1000,20.6,74.9,Celsius,Zone-A,98.8
2026-03-17T06:54:01.328482,TEMP-1000,19.97,71.4,Celsius,Zone-A,98.8
2026-03-17T07:54:01.328482,TEMP-1000,19.93,70.0,Celsius,Zone-A,98.8
2026-03-17T08:54:01.328482,TEMP-1000,18.05,75.9,Celsius,Zone-A,98.8
2026-03-17T09:54:01.328482,TEMP-1000,18.1,73.4,Celsius,Zone-A,98.8
2026-03-17T10:54:01.328482,TEMP-1000,18.38,73.1,Celsius,Zone-A,98.8
2026-03-17T11:54:01.328482,TEMP-1000,17.14,79.8,Celsius,Zone-A,98.8
2026-03-17T12:54:01.328482,TEMP-1000,18.13,75.3,Celsius,Zone-A,98.8
2026-03-17T13:54:01.328482,TEMP-1000,17.47,78.9,Celsius,Zone-A,98.8
2026-03-17T14:54:01.328482,TEMP-1000,19.31,72.7,Celsius,Zone-A,98.8
2026-03-17T15:54:01.328482,TEMP-1000,18.64,75.2,Celsius,Zone-A,98.8
2026-03-17T16:54:01.328482,TEMP-1000,19.35,72.2,Celsius,Zone-A,98.8
2026-03-17T17:54:01.328482,TEMP-1000,19.95,69.3,Celsius,Zone-A,98.8
2026-03-17T18:54:01.328482,TEMP-1000,20.52,69.5,Celsius,Zone-A,98.8
2026-03-17T19:54:01.328482,TEMP-1000,21.66,64.5,Celsius,Zone-A,98.8
2026-03-17T20:54:01.328482,TEMP-1000,22.03,64.6,Celsius,Zone-A,98.8
2026-03-17T21:54:01.328482,TEMP-1000,22.38,58.1,Celsius,Zone-A,98.8
2026-03-17T22:54:01.328482,TEMP-1000,22.34,57.9,Celsius,Zone-A,98.8
2026-03-17T23:54:01.328482,TEMP-1000,22.25,63.7,Celsius,Zone-A,98.8
2026-03-18T00:54:01.328482,TEMP-1000,22.35,66.5,Celsius,Zone-A,98.8
2026-03-18T01:54:01.328482,TEMP-1000,21.98,67.5,Celsius,Zone-A,98.8
2026-03-18T02:54:01.328482,TEMP-1000,21.95,68.6,Celsius,Zone-A,98.8
2026-03-18T03:54:01.328482,TEMP-1000,22.01,66.9,Celsius,Zone-A,98.8
2026-03-18T04:54:01.328482,TEMP-1000,21.0,65.2,Celsius,Zone-A,98.8
2026-03-18T05:54:01.328482,TEMP-1000,20.19,67.5,Celsius,Zone-A,98.8
2026-03-18T06:54:01.328482,TEMP-1000,19.23,76.1,Celsius,Zone-A,98.8
2026-03-18T07:54:01.328482,TEMP-1000,19.21,67.1,Celsius,Zone-A,98.8
2026-03-18T08:54:01.328482,TEMP-1000,17.89,73.7,Celsius,Zone-A,98.8
2026-03-18T09:54:01.328482,TEMP-1000,18.34,67.1,Celsius,Zone-A,98.8
2026-03-18T10:54:01.328482,TEMP-1000,18.31,73.6,Celsius,Zone-A,98.8
2026-03-18T11:54:01.328482,TEMP-1000,17.7,72.0,Celsius,Zone-A,98.8
2026-03-18T12:54:01.328482,TEMP-1000,18.18,71.0,Celsius,Zone-A,98.8
2026-03-18T13:54:01.328482,TEMP-1000,18.02,75.3,Celsius,Zone-A,98.8
2026-03-18T14:54:01.328482,TEMP-1000,19.47,70.9,Celsius,Zone-A,98.8
2026-03-18T15:54:01.328482,TEMP-1000,19.35,69.1,Celsius,Zone-A,98.8
2026-03-18T16:54:01.328482,TEMP-1000,19.6,74.5,Celsius,Zone-A,98.8
2026-03-18T17:54:01.328482,TEMP-1000,20.86,65.5,Celsius,Zone-A,98.8
2026-03-18T18:54:01.328482,TEMP-1000,21.93,64.5,Celsius,Zone-A,98.8
2026-03-18T19:54:01.328482,TEMP-1000,21.28,66.6,Celsius,Zone-A,98.8
2026-03-18T20:54:01.328482,TEMP-1000,22.46,67.7,Celsius,Zone-A,98.8
2026-03-18T21:54:01.328482,TEMP-1000,23.29,60.4,Celsius,Zone-A,98.8
2026-03-18T22:54:01.328482,TEMP-1000,22.5,58.2,Celsius,Zone-A,98.8
2026-03-18T23:54:01.328482,TEMP-1000,22.18,69.4,Celsius,Zone-A,98.8
2026-03-19T00:54:01.328482,TEMP-1000,22.62,64.1,Celsius,Zone-A,98.7
2026-03-19T01:54:01.328482,TEMP-1000,22.13,65.2,Celsius,Zone-A,98.7
2026-03-19T02:54:01.328482,TEMP-1000,21.44,63.8,Celsius,Zone-A,98.7
2026-03-19T03:54:01.328482,TEMP-1000,21.1,67.7,Celsius,Zone-A,98.7
2026-03-19T04:54:01.328482,TEMP-1000,20.5,69.5,Celsius,Zone-A,98.7
2026-03-19T05:54:01.328482,TEMP-1000,20.55,61.1,Celsius,Zone-A,98.7
2026-03-19T06:54:01.328482,TEMP-1000,19.18,71.0,Celsius,Zone-A,98.7
2026-03-19T07:54:01.328482,TEMP-1000,19.21,72.7,Celsius,Zone-A,98.7
2026-03-19T08:54:01.328482,TEMP-1000,18.19,74.6,Celsius,Zone-A,98.7
2026-03-19T09:54:01.328482,TEMP-1000,17.88,76.0,Celsius,Zone-A,98.7
2026-03-19T10:54:01.328482,TEMP-1000,17.93,71.5,Celsius,Zone-A,98.7
2026-03-19T11:54:01.328482,TEMP-1000,17.94,76.7,Celsius,Zone-A,98.7
2026-03-19T12:54:01.328482,TEMP-1000,17.86,70.0,Celsius,Zone-A,98.7
2026-03-19T13:54:01.328482,TEMP-1000,17.75,74.2,Celsius,Zone-A,98.7
2026-03-19T14:54:01.328482,TEMP-1000,18.63,75.7,Celsius,Zone-A,98.7
2026-03-19T15:54:01.328482,TEMP-1000,18.76,66.8,Celsius,Zone-A,98.7
2026-03-19T16:54:01.328482,TEMP-1000,19.86,73.2,Celsius,Zone-A,98.7
2026-03-19T17:54:01.328482,TEMP-1000,20.1,67.4,Celsius,Zone-A,98.7
2026-03-19T18:54:01.328482,TEMP-1000,20.95,68.1,Celsius,Zone-A,98.7
2026-03-19T19:54:01.328482,TEMP-1000,22.08,62.5,Celsius,Zone-A,98.7
2026-03-19T20:54:01.328482,TEMP-1000,22.12,66.8,Celsius,Zone-A,98.7
2026-03-19T21:54:01.328482,TEMP-1000,22.73,64.1,Celsius,Zone-A,98.7
2026-03-19T22:54:01.328482,TEMP-1000,22.05,72.2,Celsius,Zone-A,98.7
2026-03-19T23:54:01.328482,TEMP-1000,22.97,66.1,Celsius,Zone-A,98.7
2026-03-20T00:54:01.328482,TEMP-1000,22.71,62.9,Celsius,Zone-A,98.7
2026-03-20T01:54:01.328482,TEMP-1000,22.22,64.1,Celsius,Zone-A,98.7
2026-03-20T02:54:01.328482,TEMP-1000,21.82,65.0,Celsius,Zone-A,98.7
2026-03-20T03:54:01.328482,TEMP-1000,21.7,60.3,Celsius,Zone-A,98.7
2026-03-20T04:54:01.328482,TEMP-1000,21.41,62.6,Celsius,Zone-A,98.7
2026-03-20T05:54:01.328482,TEMP-1000,20.08,72.4,Celsius,Zone-A,98.7
2026-03-20T06:54:01.328482,TEMP-1000,19.51,67.8,Celsius,Zone-A,98.7
2026-03-20T07:54:01.328482,TEMP-1000,18.95,73.3,Celsius,Zone-A,98.7
2026-03-20T08:54:01.328482,TEMP-1000,18.25,74.4,Celsius,Zone-A,98.7
2026-03-20T09:54:01.328482,TEMP-1000,17.86,68.1,Celsius,Zone-A,98.7
2026-03-20T10:54:01.328482,TEMP-1000,17.06,77.3,Celsius,Zone-A,98.7
2026-03-20T11:54:01.328482,TEMP-1000,17.41,73.6,Celsius,Zone-A,98.7
2026-03-20T12:54:01.328482,TEMP-1000,18.08,72.0,Celsius,Zone-A,98.7
2026-03-20T13:54:01.328482,TEMP-1000,17.19,73.8,Celsius,Zone-A,98.7
2026-03-20T14:54:01.328482,TEMP-1000,17.68,75.0,Celsius,Zone-A,98.7
2026-03-20T15:54:01.328482,TEMP-1000,18.6,72.5,Celsius,Zone-A,98.7
2026-03-20T16:54:01.328482,TEMP-1000,19.5,66.0,Celsius,Zone-A,98.7
2026-03-20T17:54:01.328482,TEMP-1000,20.58,65.7,Celsius,Zone-A,98.7
2026-03-20T18:54:01.328482,TEMP-1000,21.34,63.3,Celsius,Zone-A,98.7
2026-03-20T19:54:01.328482,TEMP-1000,21.23,65.4,Celsius,Zone-A,98.7
2026-03-20T20:54:01.328482,TEMP-1000,22.72,62.8,Celsius,Zone-A,98.7
2026-03-20T21:54:01.328482,TEMP-1000,22.86,62.8,Celsius,Zone-A,98.7
2026-03-20T22:54:01.328482,TEMP-1000,23.0,61.2,Celsius,Zone-A,98.7
2026-03-20T23:54:01.328482,TEMP-1000,22.69,63.3,Celsius,Zone-A,98.7
2026-03-21T00:54:01.328482,TEMP-1000,22.09,62.9,Celsius,Zone-A,98.7
2026-03-21T01:54:01.328482,TEMP-1000,22.02,62.8,Celsius,Zone-A,98.7
2026-03-21T02:54:01.328482,TEMP-1000,22.05,64.0,Celsius,Zone-A,98.7
2026-03-21T03:54:01.328482,TEMP-1000,21.23,59.9,Celsius,Zone-A,98.7
2026-03-21T04:54:01.328482,TEMP-1000,21.29,61.0,Celsius,Zone-A,98.7
2026-03-21T05:54:01.328482,TEMP-1000,19.88,64.7,Celsius,Zone-A,98.7
2026-03-21T06:54:01.328482,TEMP-1000,19.3,67.7,Celsius,Zone-A,98.7
2026-03-21T07:54:01.328482,TEMP-1000,19.15,66.8,Celsius,Zone-A,98.7
2026-03-21T08:54:01.328482,TEMP-1000,17.94,74.0,Celsius,Zone-A,98.7
2026-03-21T09:54:01.328482,TEMP-1000,17.62,72.2,Celsius,Zone-A,98.7
2026-03-21T10:54:01.328482,TEMP-1000,17.89,71.5,Celsius,Zone-A,98.7
2026-03-21T11:54:01.328482,TEMP-1000,18.41,71.2,Celsius,Zone-A,98.7
2026-03-21T12:54:01.328482,TEMP-1000,17.87,74.3,Celsius,Zone-A,98.7
2026-03-21T13:54:01.328482,TEMP-1000,17.27,72.4,Celsius,Zone-A,98.7
2026-03-21T14:54:01.328482,TEMP-1000,17.44,75.0,Celsius,Zone-A,98.7
2026-03-21T15:54:01.328482,TEMP-1000,18.82,75.7,Celsius,Zone-A,98.7
2026-03-21T16:54:01.328482,TEMP-1000,20.2,71.9,Celsius,Zone-A,98.7
2026-03-21T17:54:01.328482,TEMP-1000,20.94,68.2,Celsius,Zone-A,98.7
2026-03-21T18:54:01.328482,TEMP-1000,20.75,67.7,Celsius,Zone-A,98.7
2026-03-21T19:54:01.328482,TEMP-1000,21.98,63.0,Celsius,Zone-A,98.7
2026-03-21T20:54:01.328482,TEMP-1000,22.13,60.8,Celsius,Zone-A,98.7
2026-03-21T21:54:01.328482,TEMP-1000,22.47,67.8,Celsius,Zone-A,98.7
2026-03-21T22:54:01.328482,TEMP-1000,23.23,64.7,Celsius,Zone-A,98.7
2026-03-21T23:54:01.328482,TEMP-1000,23.04,63.3,Celsius,Zone-A,98.6
2026-03-22T00:54:01.328482,TEMP-1000,23.96,53.6,Celsius,Zone-A,98.6
2026-03-22T01:54:01.328482,TEMP-1000,21.39,72.0,Celsius,Zone-A,98.6
2026-03-22T02:54:01.328482,TEMP-1000,21.63,65.1,Celsius,Zone-A,98.6
2026-03-22T03:54:01.328482,TEMP-1000,21.52,62.1,Celsius,Zone-A,98.6
2026-03-22T04:54:01.328482,TEMP-1000,20.66,70.4,Celsius,Zone-A,98.6
2026-03-22T05:54:01.328482,TEMP-1000,19.79,68.1,Celsius,Zone-A,98.6
2026-03-22T06:54:01.328482,TEMP-1000,19.08,67.9,Celsius,Zone-A,98.6
2026-03-22T07:54:01.328482,TEMP-1000,19.14,73.9,Celsius,Zone-A,98.6
2026-03-22T08:54:01.328482,TEMP-1000,18.76,72.8,Celsius,Zone-A,98.6
2026-03-22T09:54:01.328482,TEMP-1000,17.58,72.4,Celsius,Zone-A,98.6
2026-03-22T10:54:01.328482,TEMP-1000,17.69,74.7,Celsius,Zone-A,98.6
2026-03-22T11:54:01.328482,TEMP-1000,17.94,73.1,Celsius,Zone-A,98.6
2026-03-22T12:54:01.328482,TEMP-1000,18.21,71.9,Celsius,Zone-A,98.6
2026-03-22T13:54:01.328482,TEMP-1000,18.69,73.9,Celsius,Zone-A,98.6
2026-03-22T14:54:01.328482,TEMP-1000,18.65,74.3,Celsius,Zone-A,98.6
2026-03-22T15:54:01.328482,TEMP-1000,19.2,67.7,Celsius,Zone-A,98.6
2026-03-22T16:54:01.328482,TEMP-1000,19.89,67.1,Celsius,Zone-A,98.6
2026-03-22T17:54:01.328482,TEMP-1000,21.25,66.3,Celsius,Zone-A,98.6
2026-03-22T18:54:01.328482,TEMP-1000,20.38,67.1,Celsius,Zone-A,98.6
2026-03-22T19:54:01.328482,TEMP-1000,21.15,61.0,Celsius,Zone-A,98.6
2026-03-22T20:54:01.328482,TEMP-1000,21.47,71.3,Celsius,Zone-A,98.6
2026-03-22T21:54:01.328482,TEMP-1000,21.98,64.9,Celsius,Zone-A,98.6
2026-03-22T22:54:01.328482,TEMP-1000,23.14,66.7,Celsius,Zone-A,98.6
2026-03-22T23:54:01.328482,TEMP-1000,22.39,60.7,Celsius,Zone-A,98.6
2026-03-23T00:54:01.328482,TEMP-1000,21.95,61.0,Celsius,Zone-A,98.6
2026-03-23T01:54:01.328482,TEMP-1000,22.56,68.2,Celsius,Zone-A,98.6
2026-03-23T02:54:01.328482,TEMP-1000,22.39,61.9,Celsius,Zone-A,98.6
2026-03-23T03:54:01.328482,TEMP-1000,21.93,64.8,Celsius,Zone-A,98.6
2026-03-23T04:54:01.328482,TEMP-1000,20.77,67.7,Celsius,Zone-A,98.6
2026-03-23T05:54:01.328482,TEMP-1000,20.59,69.5,Celsius,Zone-A,98.6
2026-03-23T06:54:01.328482,TEMP-1000,19.42,74.2,Celsius,Zone-A,98.6
2026-03-23T07:54:01.328482,TEMP-1000,17.87,76.1,Celsius,Zone-A,98.6
2026-03-23T08:54:01.328482,TEMP-1000,17.81,75.2,Celsius,Zone-A,98.6
2026-03-23T09:54:01.328482,TEMP-1000,18.5,74.6,Celsius,Zone-A,98.6
2026-03-23T10:54:01.328482,TEMP-1000,17.99,76.5,Celsius,Zone-A,98.6
2026-03-23T11:54:01.328482,TEMP-1000,17.32,73.9,Celsius,Zone-A,98.6
2026-03-23T12:54:01.328482,TEMP-1000,17.65,71.2,Celsius,Zone-A,98.6
2026-03-23T13:54:01.328482,TEMP-1000,18.29,74.1,Celsius,Zone-A,98.6
2026-03-23T14:54:01.328482,TEMP-1000,18.68,72.5,Celsius,Zone-A,98.6
2026-03-23T15:54:01.328482,TEMP-1000,19.14,71.1,Celsius,Zone-A,98.6
2026-03-23T16:54:01.328482,TEMP-1000,19.96,70.2,Celsius,Zone-A,98.6
2026-03-23T17:54:01.328482,TEMP-1000,21.56,66.6,Celsius,Zone-A,98.6
2026-03-23T18:54:01.328482,TEMP-1000,20.51,62.5,Celsius,Zone-A,98.6
2026-03-23T19:54:01.328482,TEMP-1000,22.23,64.4,Celsius,Zone-A,98.6
2026-03-23T20:54:01.328482,TEMP-1000,20.78,67.0,Celsius,Zone-A,98.6
2026-03-23T21:54:01.328482,TEMP-1000,21.74,59.8,Celsius,Zone-A,98.6
2026-03-23T22:54:01.328482,TEMP-1000,22.81,62.9,Celsius,Zone-A,98.6
2026-03-23T23:54:01.328482,TEMP-1000,22.47,67.2,Celsius,Zone-A,98.6
2026-03-24T00:54:01.328482,TEMP-1000,23.26,61.7,Celsius,Zone-A,98.6
2026-03-24T01:54:01.328482,TEMP-1000,22.72,66.4,Celsius,Zone-A,98.6
2026-03-24T02:54:01.328482,TEMP-1000,21.58,62.3,Celsius,Zone-A,98.6
2026-03-24T03:54:01.328482,TEMP-1000,21.91,61.3,Celsius,Zone-A,98.6
2026-03-24T04:54:01.328482,TEMP-1000,21.16,68.3,Celsius,Zone-A,98.6
2026-03-24T05:54:01.328482,TEMP-1000,19.67,71.0,Celsius,Zone-A,98.6
2026-03-24T06:54:01.328482,TEMP-1000,19.25,70.1,Celsius,Zone-A,98.6
2026-03-24T07:54:01.328482,TEMP-1000,19.42,68.4,Celsius,Zone-A,98.6
2026-03-24T08:54:01.328482,TEMP-1000,18.66,76.2,Celsius,Zone-A,98.6
2026-03-24T09:54:01.328482,TEMP-1000,18.83,72.5,Celsius,Zone-A,98.6
2026-03-24T10:54:01.328482,TEMP-1000,18.23,74.7,Celsius,Zone-A,98.6
2026-03-24T11:54:01.328482,TEMP-1000,17.38,74.6,Celsius,Zone-A,98.6
2026-03-24T12:54:01.328482,TEMP-1000,18.47,69.4,Celsius,Zone-A,98.6
2026-03-24T13:54:01.328482,TEMP-1000,18.57,70.8,Celsius,Zone-A,98.6
2026-03-24T14:54:01.328482,TEMP-1000,18.42,69.4,Celsius,Zone-A,98.6
2026-03-24T15:54:01.328482,TEMP-1000,19.05,70.9,Celsius,Zone-A,98.6
2026-03-24T16:54:01.328482,TEMP-1000,19.51,70.8,Celsius,Zone-A,98.6
2026-03-24T17:54:01.328482,TEMP-1000,20.73,66.2,Celsius,Zone-A,98.6
2026-03-24T18:54:01.328482,TEMP-1000,20.63,66.5,Celsius,Zone-A,98.6
2026-03-24T19:54:01.328482,TEMP-1000,20.51,69.1,Celsius,Zone-A,98.6
2026-03-24T20:54:01.328482,TEMP-1000,22.28,66.3,Celsius,Zone-A,98.6
2026-03-24T21:54:01.328482,TEMP-1000,23.38,62.8,Celsius,Zone-A,98.6
2026-03-24T22:54:01.328482,TEMP-1000,22.83,64.0,Celsius,Zone-A,98.6
2026-03-24T23:54:01.328482,TEMP-1000,23.4,57.8,Celsius,Zone-A,98.6
2026-03-25T00:54:01.328482,TEMP-1000,22.74,60.6,Celsius,Zone-A,98.5
2026-03-25T01:54:01.328482,TEMP-1000,21.95,65.9,Celsius,Zone-A,98.5
2026-03-25T02:54:01.328482,TEMP-1000,21.39,66.3,Celsius,Zone-A,98.5
2026-03-25T03:54:01.328482,TEMP-1000,21.33,68.8,Celsius,Zone-A,98.5
2026-03-25T04:54:01.328482,TEMP-1000,21.34,70.3,Celsius,Zone-A,98.5
2026-03-25T05:54:01.328482,TEMP-1000,20.75,62.8,Celsius,Zone-A,98.5
2026-03-25T06:54:01.328482,TEMP-1000,19.13,69.3,Celsius,Zone-A,98.5
2026-03-25T07:54:01.328482,TEMP-1000,19.1,71.2,Celsius,Zone-A,98.5
2026-03-25T08:54:01.328482,TEMP-1000,18.74,71.1,Celsius,Zone-A,98.5
2026-03-25T09:54:01.328482,TEMP-1000,18.56,74.1,Celsius,Zone-A,98.5
2026-03-25T10:54:01.328482,TEMP-1000,17.68,74.2,Celsius,Zone-A,98.5
2026-03-25T11:54:01.328482,TEMP-1000,17.65,75.0,Celsius,Zone-A,98.5
2026-03-25T12:54:01.328482,TEMP-1000,16.94,71.8,Celsius,Zone-A,98.5
2026-03-25T13:54:01.328482,TEMP-1000,17.58,76.5,Celsius,Zone-A,98.5
2026-03-25T14:54:01.328482,TEMP-1000,18.7,70.8,Celsius,Zone-A,98.5
2026-03-25T15:54:01.328482,TEMP-1000,18.69,75.5,Celsius,Zone-A,98.5
2026-03-25T16:54:01.328482,TEMP-1000,20.27,69.9,Celsius,Zone-A,98.5
2026-03-25T17:54:01.328482,TEMP-1000,20.95,66.6,Celsius,Zone-A,98.5
2026-03-25T18:54:01.328482,TEMP-1000,21.13,66.9,Celsius,Zone-A,98.5
2026-03-25T19:54:01.328482,TEMP-1000,21.73,68.7,Celsius,Zone-A,98.5
2026-03-25T20:54:01.328482,TEMP-1000,22.61,58.6,Celsius,Zone-A,98.5
2026-03-25T21:54:01.328482,TEMP-1000,23.39,67.3,Celsius,Zone-A,98.5
2026-03-25T22:54:01.328482,TEMP-1000,22.0,67.7,Celsius,Zone-A,98.5
2026-03-25T23:54:01.328482,TEMP-1000,23.23,60.5,Celsius,Zone-A,98.5
2026-03-26T00:54:01.328482,TEMP-1000,22.65,66.4,Celsius,Zone-A,98.5
2026-03-26T01:54:01.328482,TEMP-1000,22.25,64.7,Celsius,Zone-A,98.5
2026-03-26T02:54:01.328482,TEMP-1000,23.26,62.6,Celsius,Zone-A,98.5
2026-03-26T03:54:01.328482,TEMP-1000,21.89,66.2,Celsius,Zone-A,98.5
2026-03-26T04:54:01.328482,TEMP-1000,21.21,71.5,Celsius,Zone-A,98.5
2026-03-26T05:54:01.328482,TEMP-1000,20.56,66.7,Celsius,Zone-A,98.5
2026-03-26T06:54:01.328482,TEMP-1000,19.54,66.3,Celsius,Zone-A,98.5
2026-03-26T07:54:01.328482,TEMP-1000,18.79,71.0,Celsius,Zone-A,98.5
2026-03-26T08:54:01.328482,TEMP-1000,19.35,70.6,Celsius,Zone-A,98.5
2026-03-26T09:54:01.328482,TEMP-1000,17.76,71.4,Celsius,Zone-A,98.5
2026-03-26T10:54:01.328482,TEMP-1000,18.37,74.9,Celsius,Zone-A,98.5
2026-03-26T11:54:01.328482,TEMP-1000,18.18,68.7,Celsius,Zone-A,98.5
2026-03-26T12:54:01.328482,TEMP-1000,18.7,71.3,Celsius,Zone-A,98.5
2026-03-26T13:54:01.328482,TEMP-1000,18.04,69.3,Celsius,Zone-A,98.5
2026-03-26T14:54:01.328482,TEMP-1000,18.27,75.3,Celsius,Zone-A,98.5
2026-03-26T15:54:01.328482,TEMP-1000,18.99,72.6,Celsius,Zone-A,98.5
2026-03-26T16:54:01.328482,TEMP-1000,18.86,74.7,Celsius,Zone-A,98.5
2026-03-26T17:54:01.328482,TEMP-1000,21.11,63.9,Celsius,Zone-A,98.5
2026-03-26T18:54:01.328482,TEMP-1000,21.6,63.1,Celsius,Zone-A,98.5
2026-03-26T19:54:01.328482,TEMP-1000,22.69,64.1,Celsius,Zone-A,98.5
2026-03-26T20:54:01.328482,TEMP-1000,21.59,68.9,Celsius,Zone-A,98.5
2026-03-26T21:54:01.328482,TEMP-1000,23.3,68.7,Celsius,Zone-A,98.5
2026-03-26T22:54:01.328482,TEMP-1000,21.36,63.0,Celsius,Zone-A,98.5
2026-03-26T23:54:01.328482,TEMP-1000,22.47,66.3,Celsius,Zone-A,98.5
2026-03-27T00:54:01.328482,TEMP-1000,23.23,61.4,Celsius,Zone-A,98.5
2026-03-27T01:54:01.328482,TEMP-1000,21.67,63.6,Celsius,Zone-A,98.5
2026-03-27T02:54:01.328482,TEMP-1000,21.62,71.1,Celsius,Zone-A,98.5
2026-03-27T03:54:01.328482,TEMP-1000,21.66,66.2,Celsius,Zone-A,98.5
2026-03-27T04:54:01.328482,TEMP-1000,20.69,69.2,Celsius,Zone-A,98.5
2026-03-27T05:54:01.328482,TEMP-1000,19.81,69.6,Celsius,Zone-A,98.5
2026-03-27T06:54:01.328482,TEMP-1000,19.29,72.4,Celsius,Zone-A,98.5
2026-03-27T07:54:01.328482,TEMP-1000,19.24,72.9,Celsius,Zone-A,98.5
2026-03-27T08:54:01.328482,TEMP-1000,18.35,73.9,Celsius,Zone-A,98.5
2026-03-27T09:54:01.328482,TEMP-1000,17.72,68.5,Celsius,Zone-A,98.5
2026-03-27T10:54:01.328482,TEMP-1000,18.65,70.8,Celsius,Zone-A,98.5
2026-03-27T11:54:01.328482,TEMP-1000,16.98,76.1,Celsius,Zone-A,98.5
2026-03-27T12:54:01.328482,TEMP-1000,17.72,73.4,Celsius,Zone-A,98.5
2026-03-27T13:54:01.328482,TEMP-1000,18.25,72.6,Celsius,Zone-A,98.5
2026-03-27T14:54:01.328482,TEMP-1000,18.83,77.3,Celsius,Zone-A,98.5
2026-03-27T15:54:01.328482,TEMP-1000,18.01,71.7,Celsius,Zone-A,98.5
2026-03-27T16:54:01.328482,TEMP-1000,19.87,67.3,Celsius,Zone-A,98.5
2026-03-27T17:54:01.328482,TEMP-1000,19.26,68.1,Celsius,Zone-A,98.5
2026-03-27T18:54:01.328482,TEMP-1000,20.26,67.0,Celsius,Zone-A,98.5
2026-03-27T19:54:01.328482,TEMP-1000,21.52,65.5,Celsius,Zone-A,98.5
2026-03-27T20:54:01.328482,TEMP-1000,21.44,65.0,Celsius,Zone-A,98.5
2026-03-27T21:54:01.328482,TEMP-1000,22.26,66.2,Celsius,Zone-A,98.5
2026-03-27T22:54:01.328482,TEMP-1000,23.05,61.1,Celsius,Zone-A,98.5
2026-03-27T23:54:01.328482,TEMP-1000,22.26,62.7,Celsius,Zone-A,98.4
2026-03-28T00:54:01.328482,TEMP-1000,22.64,67.3,Celsius,Zone-A,98.4
2026-03-28T01:54:01.328482,TEMP-1000,23.42,66.3,Celsius,Zone-A,98.4
2026-03-28T02:54:01.328482,TEMP-1000,22.25,61.9,Celsius,Zone-A,98.4
2026-03-28T03:54:01.328482,TEMP-1000,21.92,63.6,Celsius,Zone-A,98.4
2026-03-28T04:54:01.328482,TEMP-1000,20.8,65.9,Celsius,Zone-A,98.4
2026-03-28T05:54:01.328482,TEMP-1000,20.13,70.0,Celsius,Zone-A,98.4
2026-03-28T06:54:01.328482,TEMP-1000,19.2,70.6,Celsius,Zone-A,98.4
2026-03-28T07:54:01.328482,TEMP-1000,18.57,60.6,Celsius,Zone-A,98.4
2026-03-28T08:54:01.328482,TEMP-1000,19.48,68.7,Celsius,Zone-A,98.4
2026-03-28T09:54:01.328482,TEMP-1000,18.9,79.1,Celsius,Zone-A,98.4
2026-03-28T10:54:01.328482,TEMP-1000,17.9,74.3,Celsius,Zone-A,98.4
2026-03-28T11:54:01.328482,TEMP-1000,17.6,76.1,Celsius,Zone-A,98.4
2026-03-28T12:54:01.328482,TEMP-1000,18.36,78.0,Celsius,Zone-A,98.4
2026-03-28T13:54:01.328482,TEMP-1000,17.15,75.9,Celsius,Zone-A,98.4
2026-03-28T14:54:01.328482,TEMP-1000,19.1,68.1,Celsius,Zone-A,98.4
2026-03-28T15:54:01.328482,TEMP-1000,19.2,72.0,Celsius,Zone-A,98.4
2026-03-28T16:54:01.328482,TEMP-1000,19.75,68.9,Celsius,Zone-A,98.4
2026-03-28T17:54:01.328482,TEMP-1000,19.92,67.9,Celsius,Zone-A,98.4
2026-03-28T18:54:01.328482,TEMP-1000,21.46,57.5,Celsius,Zone-A,98.4
2026-03-28T19:54:01.328482,TEMP-1000,20.78,70.4,Celsius,Zone-A,98.4
2026-03-28T20:54:01.328482,TEMP-1000,22.15,66.7,Celsius,Zone-A,98.4
2026-03-28T21:54:01.328482,TEMP-1000,22.35,59.8,Celsius,Zone-A,98.4
2026-03-28T22:54:01.328482,TEMP-1000,22.96,57.4,Celsius,Zone-A,98.4
2026-03-28T23:54:01.328482,TEMP-1000,23.13,61.6,Celsius,Zone-A,98.4
2026-03-29T00:54:01.328482,TEMP-1000,22.71,63.3,Celsius,Zone-A,98.4
2026-03-29T01:54:01.328482,TEMP-1000,22.98,59.9,Celsius,Zone-A,98.4
2026-03-29T02:54:01.328482,TEMP-1000,22.43,59.0,Celsius,Zone-A,98.4
2026-03-29T03:54:01.328482,TEMP-1000,21.46,63.2,Celsius,Zone-A,98.4
2026-03-29T04:54:01.328482,TEMP-1000,20.27,71.2,Celsius,Zone-A,98.4
2026-03-29T05:54:01.328482,TEMP-1000,20.98,67.7,Celsius,Zone-A,98.4
2026-03-29T06:54:01.328482,TEMP-1000,19.81,71.9,Celsius,Zone-A,98.4
2026-03-29T07:54:01.328482,TEMP-1000,18.85,76.2,Celsius,Zone-A,98.4
2026-03-29T08:54:01.328482,TEMP-1000,18.85,67.8,Celsius,Zone-A,98.4
2026-03-29T09:54:01.328482,TEMP-1000,18.09,77.3,Celsius,Zone-A,98.4
2026-03-29T10:54:01.328482,TEMP-1000,18.15,69.3,Celsius,Zone-A,98.4
2026-03-29T11:54:01.328482,TEMP-1000,18.25,71.6,Celsius,Zone-A,98.4
2026-03-29T12:54:01.328482,TEMP-1000,17.4,71.6,Celsius,Zone-A,98.4
2026-03-29T13:54:01.328482,TEMP-1000,17.31,73.2,Celsius,Zone-A,98.4
2026-03-29T14:54:01.328482,TEMP-1000,17.66,73.6,Celsius,Zone-A,98.4
2026-03-29T15:54:01.328482,TEMP-1000,19.38,68.0,Celsius,Zone-A,98.4
2026-03-29T16:54:01.328482,TEMP-1000,19.81,68.9,Celsius,Zone-A,98.4
2026-03-29T17:54:01.328482,TEMP-1000,20.96,71.2,Celsius,Zone-A,98.4
2026-03-29T18:54:01.328482,TEMP-1000,21.55,67.1,Celsius,Zone-A,98.4
2026-03-29T19:54:01.328482,TEMP-1000,21.83,64.0,Celsius,Zone-A,98.4
2026-03-29T20:54:01.328482,TEMP-1000,21.16,67.6,Celsius,Zone-A,98.4
2026-03-29T21:54:01.328482,TEMP-1000,23.34,62.4,Celsius,Zone-A,98.4
2026-03-29T22:54:01.328482,TEMP-1000,22.88,61.7,Celsius,Zone-A,98.4
2026-03-29T23:54:01.328482,TEMP-1000,22.74,64.1,Celsius,Zone-A,98.4
2026-03-30T00:54:01.328482,TEMP-1000,22.15,63.6,Celsius,Zone-A,98.4
2026-03-30T01:54:01.328482,TEMP-1000,23.03,56.3,Celsius,Zone-A,98.4
2026-03-30T02:54:01.328482,TEMP-1000,21.44,66.4,Celsius,Zone-A,98.4
2026-03-30T03:54:01.328482,TEMP-1000,20.29,69.2,Celsius,Zone-A,98.4
2026-03-30T04:54:01.328482,TEMP-1000,20.76,69.1,Celsius,Zone-A,98.4
2026-03-30T05:54:01.328482,TEMP-1000,19.61,68.0,Celsius,Zone-A,98.4
2026-03-30T06:54:01.328482,TEMP-1000,19.95,70.1,Celsius,Zone-A,98.4
2026-03-30T07:54:01.328482,TEMP-1000,19.34,74.1,Celsius,Zone-A,98.4
2026-03-30T08:54:01.328482,TEMP-1000,18.34,68.8,Celsius,Zone-A,98.4
2026-03-30T09:54:01.328482,TEMP-1000,17.83,68.5,Celsius,Zone-A,98.4
2026-03-30T10:54:01.328482,TEMP-1000,17.97,75.7,Celsius,Zone-A,98.4
2026-03-30T11:54:01.328482,TEMP-1000,17.38,82.9,Celsius,Zone-A,98.4
2026-03-30T12:54:01.328482,TEMP-1000,17.52,78.0,Celsius,Zone-A,98.4
2026-03-30T13:54:01.328482,TEMP-1000,18.23,72.8,Celsius,Zone-A,98.4
2026-03-30T14:54:01.328482,TEMP-1000,19.4,78.0,Celsius,Zone-A,98.4
2026-03-30T15:54:01.328482,TEMP-1000,19.68,65.5,Celsius,Zone-A,98.4
2026-03-30T16:54:01.328482,TEMP-1000,19.6,70.2,Celsius,Zone-A,98.4
2026-03-30T17:54:01.328482,TEMP-1000,19.98,72.5,Celsius,Zone-A,98.4
2026-03-30T18:54:01.328482,TEMP-1000,20.53,62.4,Celsius,Zone-A,98.4
2026-03-30T19:54:01.328482,TEMP-1000,21.87,66.1,Celsius,Zone-A,98.4
2026-03-30T20:54:01.328482,TEMP-1000,21.48,66.2,Celsius,Zone-A,98.4
2026-03-30T21:54:01.328482,TEMP-1000,22.26,65.7,Celsius,Zone-A,98.4
2026-03-30T22:54:01.328482,TEMP-1000,21.83,66.3,Celsius,Zone-A,98.4
2026-03-30T23:54:01.328482,TEMP-1000,22.71,61.0,Celsius,Zone-A,98.4
2026-03-31T00:54:01.328482,TEMP-1000,22.24,67.6,Celsius,Zone-A,98.3
2026-03-31T01:54:01.328482,TEMP-1000,21.98,66.0,Celsius,Zone-A,98.3
2026-03-31T02:54:01.328482,TEMP-1000,22.01,67.3,Celsius,Zone-A,98.3
2026-03-31T03:54:01.328482,TEMP-1000,21.45,72.2,Celsius,Zone-A,98.3
2026-03-31T04:54:01.328482,TEMP-1000,21.27,65.4,Celsius,Zone-A,98.3
2026-03-31T05:54:01.328482,TEMP-1000,20.22,67.8,Celsius,Zone-A,98.3
2026-03-31T06:54:01.328482,TEMP-1000,19.54,66.2,Celsius,Zone-A,98.3
2026-03-31T07:54:01.328482,TEMP-1000,19.25,71.7,Celsius,Zone-A,98.3
2026-03-31T08:54:01.328482,TEMP-1000,18.35,72.1,Celsius,Zone-A,98.3
2026-03-31T09:54:01.328482,TEMP-1000,17.93,73.4,Celsius,Zone-A,98.3
2026-03-31T10:54:01.328482,TEMP-1000,17.7,74.7,Celsius,Zone-A,98.3
2026-03-31T11:54:01.328482,TEMP-1000,18.29,69.7,Celsius,Zone-A,98.3
2026-03-31T12:54:01.328482,TEMP-1000,17.78,72.1,Celsius,Zone-A,98.3
2026-03-31T13:54:01.328482,TEMP-1000,17.77,75.9,Celsius,Zone-A,98.3
2026-03-31T14:54:01.328482,TEMP-1000,18.36,75.5,Celsius,Zone-A,98.3
2026-03-31T15:54:01.328482,TEMP-1000,18.14,76.1,Celsius,Zone-A,98.3
2026-03-31T16:54:01.328482,TEMP-1000,20.24,68.3,Celsius,Zone-A,98.3
2026-03-31T17:54:01.328482,TEMP-1000,19.6,64.5,Celsius,Zone-A,98.3
2026-03-31T18:54:01.328482,TEMP-1000,21.02,64.7,Celsius,Zone-A,98.3
2026-03-31T19:54:01.328482,TEMP-1000,21.4,62.2,Celsius,Zone-A,98.3
2026-03-31T20:54:01.328482,TEMP-1000,21.82,64.3,Celsius,Zone-A,98.3
2026-03-31T21:54:01.328482,TEMP-1000,22.12,68.0,Celsius,Zone-A,98.3
2026-03-31T22:54:01.328482,TEMP-1000,22.31,63.1,Celsius,Zone-A,98.3
2026-03-31T23:54:01.328482,TEMP-1000,22.65,64.7,Celsius,Zone-A,98.3
2026-04-01T00:54:01.328482,TEMP-1000,21.66,71.4,Celsius,Zone-A,98.3
2026-04-01T01:54:01.328482,TEMP-1000,21.52,68.7,Celsius,Zone-A,98.3
2026-04-01T02:54:01.328482,TEMP-1000,22.34,68.7,Celsius,Zone-A,98.3
2026-04-01T03:54:01.328482,TEMP-1000,22.31,66.5,Celsius,Zone-A,98.3
2026-04-01T04:54:01.328482,TEMP-1000,21.06,69.0,Celsius,Zone-A,98.3
2026-04-01T05:54:01.328482,TEMP-1000,19.2,71.2,Celsius,Zone-A,98.3
2026-04-01T06:54:01.328482,TEMP-1000,18.94,77.7,Celsius,Zone-A,98.3
2026-04-01T07:54:01.328482,TEMP-1000,18.83,82.2,Celsius,Zone-A,98.3
2026-04-01T08:54:01.328482,TEMP-1000,18.31,67.3,Celsius,Zone-A,98.3
2026-04-01T09:54:01.328482,TEMP-1000,18.42,72.2,Celsius,Zone-A,98.3
2026-04-01T10:54:01.328482,TEMP-1000,18.23,72.2,Celsius,Zone-A,98.3
2026-04-01T11:54:01.328482,TEMP-1000,17.46,74.6,Celsius,Zone-A,98.3
2026-04-01T12:54:01.328482,TEMP-1000,18.11,73.1,Celsius,Zone-A,98.3
2026-04-01T13:54:01.328482,TEMP-1000,18.35,74.1,Celsius,Zone-A,98.3
2026-04-01T14:54:01.328482,TEMP-1000,18.42,72.8,Celsius,Zone-A,98.3
2026-04-01T15:54:01.328482,TEMP-1000,18.99,73.0,Celsius,Zone-A,98.3
2026-04-01T16:54:01.328482,TEMP-1000,19.26,77.3,Celsius,Zone-A,98.3
2026-04-01T17:54:01.328482,TEMP-1000,20.25,71.4,Celsius,Zone-A,98.3
2026-04-01T18:54:01.328482,TEMP-1000,20.67,67.4,Celsius,Zone-A,98.3
2026-04-01T19:54:01.328482,TEMP-1000,21.88,72.5,Celsius,Zone-A,98.3
2026-04-01T20:54:01.328482,TEMP-1000,21.6,63.9,Celsius,Zone-A,98.3
2026-04-01T21:54:01.328482,TEMP-1000,22.8,64.1,Celsius,Zone-A,98.3
2026-04-01T22:54:01.328482,TEMP-1000,22.52,60.7,Celsius,Zone-A,98.3
2026-04-01T23:54:01.328482,TEMP-1000,22.27,62.6,Celsius,Zone-A,98.3
2026-04-02T00:54:01.328482,TEMP-1000,23.37,62.7,Celsius,Zone-A,98.3
2026-04-02T01:54:01.328482,TEMP-1000,22.02,60.3,Celsius,Zone-A,98.3
2026-04-02T02:54:01.328482,TEMP-1000,22.02,62.5,Celsius,Zone-A,98.3
2026-04-02T03:54:01.328482,TEMP-1000,22.26,66.0,Celsius,Zone-A,98.3
2026-04-02T04:54:01.328482,TEMP-1000,21.55,67.5,Celsius,Zone-A,98.3
2026-04-02T05:54:01.328482,TEMP-1000,20.41,68.9,Celsius,Zone-A,98.3
2026-04-02T06:54:01.328482,TEMP-1000,19.49,76.0,Celsius,Zone-A,98.3
2026-04-02T07:54:01.328482,TEMP-1000,18.8,72.3,Celsius,Zone-A,98.3
2026-04-02T08:54:01.328482,TEMP-1000,19.65,67.6,Celsius,Zone-A,98.3
2026-04-02T09:54:01.328482,TEMP-1000,17.59,72.0,Celsius,Zone-A,98.3
2026-04-02T10:54:01.328482,TEMP-1000,17.82,76.0,Celsius,Zone-A,98.3
2026-04-02T11:54:01.328482,TEMP-1000,18.4,72.5,Celsius,Zone-A,98.3
2026-04-02T12:54:01.328482,TEMP-1000,17.95,71.4,Celsius,Zone-A,98.3
2026-04-02T13:54:01.328482,TEMP-1000,18.59,72.4,Celsius,Zone-A,98.3
2026-04-02T14:54:01.328482,TEMP-1000,18.98,74.6,Celsius,Zone-A,98.3
2026-04-02T15:54:01.328482,TEMP-1000,19.05,67.4,Celsius,Zone-A,98.3
2026-04-02T16:54:01.328482,TEMP-1000,20.38,68.8,Celsius,Zone-A,98.3
2026-04-02T17:54:01.328482,TEMP-1000,20.42,64.7,Celsius,Zone-A,98.3
2026-04-02T18:54:01.328482,TEMP-1000,21.04,66.2,Celsius,Zone-A,98.3
2026-04-02T19:54:01.328482,TEMP-1000,21.16,68.2,Celsius,Zone-A,98.3
2026-04-02T20:54:01.328482,TEMP-1000,22.31,61.8,Celsius,Zone-A,98.3
2026-04-02T21:54:01.328482,TEMP-1000,22.33,62.7,Celsius,Zone-A,98.3
2026-04-02T22:54:01.328482,TEMP-1000,21.54,63.2,Celsius,Zone-A,98.3
2026-04-02T23:54:01.328482,TEMP-1000,22.82,66.8,Celsius,Zone-A,98.2
2026-04-03T00:54:01.328482,TEMP-1000,21.8,67.4,Celsius,Zone-A,98.2
2026-04-03T01:54:01.328482,TEMP-1000,23.38,57.9,Celsius,Zone-A,98.2
2026-04-03T02:54:01.328482,TEMP-1000,21.9,71.3,Celsius,Zone-A,98.2
2026-04-03T03:54:01.328482,TEMP-1000,22.87,62.5,Celsius,Zone-A,98.2
2026-04-03T04:54:01.328482,TEMP-1000,20.46,62.3,Celsius,Zone-A,98.2
2026-04-03T05:54:01.328482,TEMP-1000,19.99,71.6,Celsius,Zone-A,98.2
2026-04-03T06:54:01.328482,TEMP-1000,20.65,64.2,Celsius,Zone-A,98.2
2026-04-03T07:54:01.328482,TEMP-1000,18.92,72.2,Celsius,Zone-A,98.2
2026-04-03T08:54:01.328482,TEMP-1000,18.53,74.9,Celsius,Zone-A,98.2
2026-04-03T09:54:01.328482,TEMP-1000,19.07,68.2,Celsius,Zone-A,98.2
2026-04-03T10:54:01.328482,TEMP-1000,18.13,73.9,Celsius,Zone-A,98.2
2026-04-03T11:54:01.328482,TEMP-1000,18.47,67.4,Celsius,Zone-A,98.2
2026-04-03T12:54:01.328482,TEMP-1000,18.07,73.5,Celsius,Zone-A,98.2
2026-04-03T13:54:01.328482,TEMP-1000,19.54,67.9,Celsius,Zone-A,98.2
2026-04-03T14:54:01.328482,TEMP-1000,18.81,71.3,Celsius,Zone-A,98.2
2026-04-03T15:54:01.328482,TEMP-1000,19.11,69.0,Celsius,Zone-A,98.2
2026-04-03T16:54:01.328482,TEMP-1000,19.67,67.1,Celsius,Zone-A,98.2
2026-04-03T17:54:01.328482,TEMP-1000,18.69,73.4,Celsius,Zone-A,98.2
2026-04-03T18:54:01.328482,TEMP-1000,20.67,65.7,Celsius,Zone-A,98.2
2026-04-03T19:54:01.328482,TEMP-1000,22.28,61.2,Celsius,Zone-A,98.2
2026-04-03T20:54:01.328482,TEMP-1000,22.65,63.1,Celsius,Zone-A,98.2
2026-04-03T21:54:01.328482,TEMP-1000,23.37,59.3,Celsius,Zone-A,98.2
2026-04-03T22:54:01.328482,TEMP-1000,23.16,62.7,Celsius,Zone-A,98.2
2026-04-03T23:54:01.328482,TEMP-1000,22.79,67.7,Celsius,Zone-A,98.2
2026-04-04T00:54:01.328482,TEMP-1000,21.63,65.4,Celsius,Zone-A,98.2
2026-04-04T01:54:01.328482,TEMP-1000,22.17,65.5,Celsius,Zone-A,98.2
2026-04-04T02:54:01.328482,TEMP-1000,22.4,60.0,Celsius,Zone-A,98.2
2026-04-04T03:54:01.328482,TEMP-1000,21.38,64.6,Celsius,Zone-A,98.2
2026-04-04T04:54:01.328482,TEMP-1000,20.18,66.5,Celsius,Zone-A,98.2
2026-04-04T05:54:01.328482,TEMP-1000,19.48,76.1,Celsius,Zone-A,98.2
2026-04-04T06:54:01.328482,TEMP-1000,18.95,76.9,Celsius,Zone-A,98.2
2026-04-04T07:54:01.328482,TEMP-1000,18.88,74.1,Celsius,Zone-A,98.2
2026-04-04T08:54:01.328482,TEMP-1000,18.77,72.6,Celsius,Zone-A,98.2
2026-04-04T09:54:01.328482,TEMP-1000,18.28,74.3,Celsius,Zone-A,98.2
2026-04-04T10:54:01.328482,TEMP-1000,17.14,71.7,Celsius,Zone-A,98.2
2026-04-04T11:54:01.328482,TEMP-1000,17.97,66.3,Celsius,Zone-A,98.2
2026-04-04T12:54:01.328482,TEMP-1000,18.07,77.4,Celsius,Zone-A,98.2
2026-04-04T13:54:01.328482,TEMP-1000,18.2,76.7,Celsius,Zone-A,98.2
2026-04-04T14:54:01.328482,TEMP-1000,18.56,72.8,Celsius,Zone-A,98.2
2026-04-04T15:54:01.328482,TEMP-1000,19.12,68.2,Celsius,Zone-A,98.2
2026-04-04T16:54:01.328482,TEMP-1000,19.56,73.0,Celsius,Zone-A,98.2
2026-04-04T17:54:01.328482,TEMP-1000,20.71,69.4,Celsius,Zone-A,98.2
2026-04-04T18:54:01.328482,TEMP-1000,21.9,67.0,Celsius,Zone-A,98.2
2026-04-04T19:54:01.328482,TEMP-1000,21.25,66.4,Celsius,Zone-A,98.2
2026-04-04T20:54:01.328482,TEMP-1000,22.34,65.9,Celsius,Zone-A,98.2
2026-04-04T21:54:01.328482,TEMP-1000,22.7,66.2,Celsius,Zone-A,98.2
2026-04-04T22:54:01.328482,TEMP-1000,22.41,65.3,Celsius,Zone-A,98.2
2026-04-04T23:54:01.328482,TEMP-1000,22.99,57.5,Celsius,Zone-A,98.2
2026-04-05T00:54:01.328482,TEMP-1000,22.14,63.2,Celsius,Zone-A,98.2
2026-04-05T01:54:01.328482,TEMP-1000,22.68,66.8,Celsius,Zone-A,98.2
2026-04-05T02:54:01.328482,TEMP-1000,22.83,60.8,Celsius,Zone-A,98.2
2026-04-05T03:54:01.328482,TEMP-1000,21.87,63.4,Celsius,Zone-A,98.2
2026-04-05T04:54:01.328482,TEMP-1000,20.63,69.4,Celsius,Zone-A,98.2
2026-04-05T05:54:01.328482,TEMP-1000,20.87,71.7,Celsius,Zone-A,98.2
2026-04-05T06:54:01.328482,TEMP-1000,19.57,69.7,Celsius,Zone-A,98.2
2026-04-05T07:54:01.328482,TEMP-1000,18.26,78.2,Celsius,Zone-A,98.2
2026-04-05T08:54:01.328482,TEMP-1000,18.44,75.0,Celsius,Zone-A,98.2
2026-04-05T09:54:01.328482,TEMP-1000,18.51,72.5,Celsius,Zone-A,98.2
2026-04-05T10:54:01.328482,TEMP-1000,17.78,71.1,Celsius,Zone-A,98.2
2026-04-05T11:54:01.328482,TEMP-1000,17.71,70.1,Celsius,Zone-A,98.2
2026-04-05T12:54:01.328482,TEMP-1000,18.34,79.2,Celsius,Zone-A,98.2
2026-04-05T13:54:01.328482,TEMP-1000,18.15,71.6,Celsius,Zone-A,98.2
2026-04-05T14:54:01.328482,TEMP-1000,18.72,74.5,Celsius,Zone-A,98.2
2026-04-05T15:54:01.328482,TEMP-1000,18.91,71.4,Celsius,Zone-A,98.2
2026-04-05T16:54:01.328482,TEMP-1000,19.18,72.9,Celsius,Zone-A,98.2
2026-04-05T17:54:01.328482,TEMP-1000,20.08,68.9,Celsius,Zone-A,98.2
2026-04-05T18:54:01.328482,TEMP-1000,20.68,67.9,Celsius,Zone-A,98.2
2026-04-05T19:54:01.328482,TEMP-1000,21.84,64.3,Celsius,Zone-A,98.2
2026-04-05T20:54:01.328482,TEMP-1000,22.33,64.9,Celsius,Zone-A,98.2
2026-04-05T21:54:01.328482,TEMP-1000,23.09,63.2,Celsius,Zone-A,98.2
2026-04-05T22:54:01.328482,TEMP-1000,22.47,61.7,Celsius,Zone-A,98.2
2026-04-05T23:54:01.328482,TEMP-1000,23.33,64.6,Celsius,Zone-A,98.2
2026-04-06T00:54:01.328482,TEMP-1000,22.63,63.7,Celsius,Zone-A,98.1
2026-04-06T01:54:01.328482,TEMP-1000,22.11,64.7,Celsius,Zone-A,98.1
2026-04-06T02:54:01.328482,TEMP-1000,21.88,65.6,Celsius,Zone-A,98.1
2026-04-06T03:54:01.328482,TEMP-1000,20.45,72.1,Celsius,Zone-A,98.1
2026-04-06T04:54:01.328482,TEMP-1000,21.5,65.0,Celsius,Zone-A,98.1
2026-04-06T05:54:01.328482,TEMP-1000,20.63,66.2,Celsius,Zone-A,98.1
2026-04-06T06:54:01.328482,TEMP-1000,20.11,69.2,Celsius,Zone-A,98.1
2026-04-06T07:54:01.328482,TEMP-1000,18.65,67.6,Celsius,Zone-A,98.1
2026-04-06T08:54:01.328482,TEMP-1000,18.23,71.8,Celsius,Zone-A,98.1
2026-04-06T09:54:01.328482,TEMP-1000,18.24,68.3,Celsius,Zone-A,98.1
2026-04-06T10:54:01.328482,TEMP-1000,18.59,75.0,Celsius,Zone-A,98.1
2026-04-06T11:54:01.328482,TEMP-1000,17.81,76.4,Celsius,Zone-A,98.1
2026-04-06T12:54:01.328482,TEMP-1000,18.73,69.4,Celsius,Zone-A,98.1
2026-04-06T13:54:01.328482,TEMP-1000,17.47,75.2,Celsius,Zone-A,98.1
2026-04-06T14:54:01.328482,TEMP-1000,17.76,75.4,Celsius,Zone-A,98.1
2026-04-06T15:54:01.328482,TEMP-1000,18.81,68.4,Celsius,Zone-A,98.1
2026-04-06T16:54:01.328482,TEMP-1000,19.86,70.7,Celsius,Zone-A,98.1
2026-04-06T17:54:01.328482,TEMP-1000,20.31,66.9,Celsius,Zone-A,98.1
2026-04-06T18:54:01.328482,TEMP-1000,21.14,68.5,Celsius,Zone-A,98.1
2026-04-06T19:54:01.328482,TEMP-1000,21.34,62.4,Celsius,Zone-A,98.1
2026-04-06T20:54:01.328482,TEMP-1000,23.03,65.8,Celsius,Zone-A,98.1
2026-04-06T21:54:01.328482,TEMP-1000,22.71,63.8,Celsius,Zone-A,98.1
2026-04-06T22:54:01.328482,TEMP-1000,23.01,59.8,Celsius,Zone-A,98.1
2026-04-06T23:54:01.328482,TEMP-1000,22.67,68.9,Celsius,Zone-A,98.1
2026-04-07T00:54:01.328482,TEMP-1000,22.86,64.4,Celsius,Zone-A,98.1
2026-04-07T01:54:01.328482,TEMP-1000,22.12,64.3,Celsius,Zone-A,98.1
2026-04-07T02:54:01.328482,TEMP-1000,21.45,65.3,Celsius,Zone-A,98.1
2026-04-07T03:54:01.328482,TEMP-1000,21.81,64.0,Celsius,Zone-A,98.1
2026-04-07T04:54:01.328482,TEMP-1000,21.07,62.6,Celsius,Zone-A,98.1
2026-04-07T05:54:01.328482,TEMP-1000,20.65,70.8,Celsius,Zone-A,98.1
2026-04-07T06:54:01.328482,TEMP-1000,19.92,65.1,Celsius,Zone-A,98.1
2026-04-07T07:54:01.328482,TEMP-1000,19.11,75.2,Celsius,Zone-A,98.1
2026-04-07T08:54:01.328482,TEMP-1000,17.35,72.0,Celsius,Zone-A,98.1
2026-04-07T09:54:01.328482,TEMP-1000,17.01,78.1,Celsius,Zone-A,98.1
2026-04-07T10:54:01.328482,TEMP-1000,17.85,79.0,Celsius,Zone-A,98.1
2026-04-07T11:54:01.328482,TEMP-1000,17.87,74.1,Celsius,Zone-A,98.1
2026-04-07T12:54:01.328482,TEMP-1000,18.61,70.6,Celsius,Zone-A,98.1
2026-04-07T13:54:01.328482,TEMP-1000,18.57,69.4,Celsius,Zone-A,98.1
2026-04-07T14:54:01.328482,TEMP-1000,19.03,70.8,Celsius,Zone-A,98.1
2026-04-07T15:54:01.328482,TEMP-1000,18.97,72.1,Celsius,Zone-A,98.1
2026-04-07T16:54:01.328482,TEMP-1000,19.17,71.8,Celsius,Zone-A,98.1
2026-04-07T17:54:01.328482,TEMP-1000,19.9,72.5,Celsius,Zone-A,98.1
2026-04-07T18:54:01.328482,TEMP-1000,21.28,64.9,Celsius,Zone-A,98.1
2026-04-07T19:54:01.328482,TEMP-1000,21.32,68.7,Celsius,Zone-A,98.1
2026-04-07T20:54:01.328482,TEMP-1000,22.47,59.0,Celsius,Zone-A,98.1
2026-04-07T21:54:01.328482,TEMP-1000,22.55,66.1,Celsius,Zone-A,98.1
2026-04-07T22:54:01.328482,TEMP-1000,23.48,61.1,Celsius,Zone-A,98.1
2026-04-07T23:54:01.328482,TEMP-1000,22.81,68.2,Celsius,Zone-A,98.1
2026-04-08T00:54:01.328482,TEMP-1000,23.45,62.5,Celsius,Zone-A,98.1
2026-04-08T01:54:01.328482,TEMP-1000,22.92,62.5,Celsius,Zone-A,98.1
2026-04-08T02:54:01.328482,TEMP-1000,22.82,68.3,Celsius,Zone-A,98.1
2026-04-08T03:54:01.328482,TEMP-1000,20.85,66.8,Celsius,Zone-A,98.1
2026-04-08T04:54:01.328482,TEMP-1000,21.45,61.8,Celsius,Zone-A,98.1
2026-04-08T05:54:01.328482,TEMP-1000,20.22,69.2,Celsius,Zone-A,98.1
2026-04-08T06:54:01.328482,TEMP-1000,19.58,69.3,Celsius,Zone-A,98.1
2026-04-08T07:54:01.328482,TEMP-1000,19.31,72.9,Celsius,Zone-A,98.1
2026-04-08T08:54:01.328482,TEMP-1000,18.29,71.4,Celsius,Zone-A,98.1
2026-04-08T09:54:01.328482,TEMP-1000,19.66,69.0,Celsius,Zone-A,98.1
2026-04-08T10:54:01.328482,TEMP-1000,18.05,75.9,Celsius,Zone-A,98.1
2026-04-08T11:54:01.328482,TEMP-1000,16.98,77.6,Celsius,Zone-A,98.1
2026-04-08T12:54:01.328482,TEMP-1000,18.18,67.8,Celsius,Zone-A,98.1
2026-04-08T13:54:01.328482,TEMP-1000,17.22,70.4,Celsius,Zone-A,98.1
2026-04-08T14:54:01.328482,TEMP-1000,17.96,76.4,Celsius,Zone-A,98.1
2026-04-08T15:54:01.328482,TEMP-1000,19.05,71.2,Celsius,Zone-A,98.1
2026-04-08T16:54:01.328482,TEMP-1000,19.43,69.2,Celsius,Zone-A,98.1
2026-04-08T17:54:01.328482,TEMP-1000,19.61,67.2,Celsius,Zone-A,98.1
2026-04-08T18:54:01.328482,TEMP-1000,21.39,65.7,Celsius,Zone-A,98.1
2026-04-08T19:54:01.328482,TEMP-1000,21.06,61.4,Celsius,Zone-A,98.1
2026-04-08T20:54:01.328482,TEMP-1000,23.17,64.8,Celsius,Zone-A,98.1
2026-04-08T21:54:01.328482,TEMP-1000,22.51,62.7,Celsius,Zone-A,98.1
2026-04-08T22:54:01.328482,TEMP-1000,22.44,65.5,Celsius,Zone-A,98.1
2026-04-08T23:54:01.328482,TEMP-1000,22.36,69.6,Celsius,Zone-A,98.0
2026-04-09T00:54:01.328482,TEMP-1000,24.05,60.8,Celsius,Zone-A,98.0
2026-04-09T01:54:01.328482,TEMP-1000,22.19,64.6,Celsius,Zone-A,98.0
2026-04-09T02:54:01.328482,TEMP-1000,22.1,63.4,Celsius,Zone-A,98.0
2026-04-09T03:54:01.328482,TEMP-1000,21.08,68.1,Celsius,Zone-A,98.0
2026-04-09T04:54:01.328482,TEMP-1000,20.82,68.8,Celsius,Zone-A,98.0
2026-04-09T05:54:01.328482,TEMP-1000,19.93,67.2,Celsius,Zone-A,98.0
2026-04-09T06:54:01.328482,TEMP-1000,19.39,73.3,Celsius,Zone-A,98.0
2026-04-09T07:54:01.328482,TEMP-1000,18.83,71.0,Celsius,Zone-A,98.0
2026-04-09T08:54:01.328482,TEMP-1000,18.42,69.9,Celsius,Zone-A,98.0
2026-04-09T09:54:01.328482,TEMP-1000,18.1,68.5,Celsius,Zone-A,98.0
2026-04-09T10:54:01.328482,TEMP-1000,17.79,74.6,Celsius,Zone-A,98.0
2026-04-09T11:54:01.328482,TEMP-1000,17.17,71.6,Celsius,Zone-A,98.0
2026-04-09T12:54:01.328482,TEMP-1000,17.92,75.1,Celsius,Zone-A,98.0
2026-04-09T13:54:01.328482,TEMP-1000,18.36,71.5,Celsius,Zone-A,98.0
2026-04-09T14:54:01.328482,TEMP-1000,18.73,69.9,Celsius,Zone-A,98.0
2026-04-09T15:54:01.328482,TEMP-1000,18.79,72.2,Celsius,Zone-A,98.0
2026-04-09T16:54:01.328482,TEMP-1000,20.42,66.9,Celsius,Zone-A,98.0
2026-04-09T17:54:01.328482,TEMP-1000,20.38,65.5,Celsius,Zone-A,98.0
2026-04-09T18:54:01.328482,TEMP-1000,20.77,67.9,Celsius,Zone-A,98.0
2026-04-09T19:54:01.328482,TEMP-1000,21.11,67.2,Celsius,Zone-A,98.0
2026-04-09T20:54:01.328482,TEMP-1000,21.67,60.4,Celsius,Zone-A,98.0
2026-04-09T21:54:01.328482,TEMP-1000,22.19,59.9,Celsius,Zone-A,98.0
2026-04-09T22:54:01.328482,TEMP-1000,22.88,70.5,Celsius,Zone-A,98.0
2026-04-09T23:54:01.328482,TEMP-1000,22.34,74.1,Celsius,Zone-A,98.0
2026-04-10T00:54:01.328482,TEMP-1000,22.85,64.2,Celsius,Zone-A,98.0
2026-04-10T01:54:01.328482,TEMP-1000,21.8,64.4,Celsius,Zone-A,98.0
2026-04-10T02:54:01.328482,TEMP-1000,22.67,63.8,Celsius,Zone-A,98.0
2026-04-10T03:54:01.328482,TEMP-1000,21.26,71.3,Celsius,Zone-A,98.0
2026-04-10T04:54:01.328482,TEMP-1000,21.5,68.2,Celsius,Zone-A,98.0
2026-04-10T05:54:01.328482,TEMP-1000,20.38,71.2,Celsius,Zone-A,98.0
2026-04-10T06:54:01.328482,TEMP-1000,19.95,62.1,Celsius,Zone-A,98.0
2026-04-10T07:54:01.328482,TEMP-1000,19.78,69.3,Celsius,Zone-A,98.0
2026-04-10T08:54:01.328482,TEMP-1000,18.33,69.4,Celsius,Zone-A,98.0
2026-04-10T09:54:01.328482,TEMP-1000,18.32,70.5,Celsius,Zone-A,98.0
2026-04-10T10:54:01.328482,TEMP-1000,18.3,73.5,Celsius,Zone-A,98.0
