sensor_id,sensor_old_id,date,value,predicted,update_date,id,is_valid,is_possible,value_predicted,raw_value,predicted_value
c8572077-1782-4d5f-94b6-b214482433c6,,2025-11-28 09:15:00.000,,true,2025-12-01 10:05:08.174 +0100,754621879,false,true,,0.0,
ec529003-7eaf-47c2-8d32-e8b3723e71b0,,2025-11-28 09:15:00.000,,true,2025-12-01 10:05:08.174 +0100,754620711,false,true,,0.0,
dcdaaee7-6964-4fc6-abc2-89e09e8d7261,,2025-11-28 09:15:00.000,,true,2025-12-01 10:05:08.174 +0100,754621597,false,true,,0.0,
18740e3c-6062-4602-b905-a47a72c20b51,,2025-11-28 09:15:00.000,,true,2025-12-01 10:05:08.174 +0100,754621569,false,true,,0.0,
deb1e6bb-1fa3-4ab4-b451-cb50a024cca0,,2025-11-28 09:15:00.000,,true,2025-12-01 10:05:08.174 +0100,754621401,false,false,,0.0,
2bf4cd67-7f60-48ba-b5cf-77cffbc9a28d,,2025-11-28 09:15:00.000,,true,2025-12-01 10:05:08.174 +0100,754621893,false,false,,0.0,
bd32731b-f508-4f7a-8f9e-14b2f6a82ddd,,2025-11-28 09:15:00.000,,true,2025-12-01 10:05:08.174 +0100,754621297,false,true,,0.0,
c9c0a1f3-7cca-4e86-96a7-cbe9f6c381d4,,2025-11-28 09:15:00.000,,true,2025-12-01 10:05:08.174 +0100,754621643,false,false,,0.0,
4abcb805-0502-4643-9359-927d6633f473,,2025-11-28 09:15:00.000,,true,2025-12-01 10:05:08.174 +0100,754621625,false,true,,0.0,
9b413c66-f874-4bd6-939b-02e1e8068b73,,2025-11-28 09:15:00.000,,true,2025-12-01 10:05:08.231 +0100,754622315,false,true,,0.0,
4adb2a3f-eccc-4a79-8b67-e2b20fb40a3f,,2025-11-28 09:15:00.000,,true,2025-12-01 10:05:08.174 +0100,754621089,false,false,,0.0,
65edd31b-3003-4ac9-9527-4373fab08c54,,2025-11-28 09:15:00.000,,true,2025-12-01 10:05:08.231 +0100,754622393,false,true,,0.0,
13958462-8f73-4886-96bd-3e13d00fabdc,,2025-11-28 09:15:00.000,,true,2025-12-01 10:05:08.231 +0100,754622173,false,true,,0.0,
c0a2762b-26ba-4efb-8d76-6994bb0ee0c2,,2025-11-28 09:15:00.000,,true,2025-12-01 10:05:08.174 +0100,754620929,false,true,,0.0,
bc287e89-7380-42a5-91b3-4dbbaca087b8,,2025-11-28 09:15:00.000,,true,2025-12-01 10:05:08.174 +0100,754620861,false,true,,0.0,
2c132f2a-8146-46e3-9295-f5765b08f3f9,,2025-11-28 09:15:00.000,,true,2025-12-01 10:05:08.231 +0100,754622185,false,true,,0.0,
930ef0c6-6b51-4b70-b49c-bb70fa315210,,2025-11-28 09:15:00.000,,true,2025-12-01 10:05:08.231 +0100,754622177,false,true,,0.0,
090db360-4915-4fe6-83bf-6616037d3f9b,,2025-11-28 09:15:00.000,,true,2025-12-01 10:05:08.231 +0100,754622257,false,true,,0.0,
17c3ce3a-d8de-4d92-bac0-f6c8ca4ec16a,,2025-11-28 09:15:00.000,,true,2025-12-01 10:05:08.231 +0100,754622081,false,true,,0.0,
7271d740-baae-4495-93ad-95ab871f80cb,,2025-11-28 09:15:00.000,,true,2025-12-01 10:05:08.231 +0100,754622073,false,false,,0.0,
6d84d71f-fea8-4605-ac14-569dab681883,,2025-11-28 09:15:00.000,,true,2025-12-01 10:05:08.174 +0100,754621969,false,false,,0.0,
53b45d40-35ea-4bb8-b278-35478df9631b,,2025-11-28 09:15:00.000,,true,2025-12-01 10:05:08.174 +0100,754621189,false,true,,-40.792,
9e4925cb-6472-433a-9a9d-f40aabaf3cbc,,2025-11-28 09:15:00.000,,true,2025-12-01 10:05:08.174 +0100,754620853,false,false,,0.0,
5d8169cf-d95b-4db3-b28b-b70c15b819b0,,2025-11-28 09:15:00.000,,true,2025-12-01 10:05:08.174 +0100,754620849,false,true,,-40.792,
669dbf85-4722-4fc0-9e23-8c1862be40f7,,2025-11-28 09:15:00.000,,true,2025-12-01 10:05:08.174 +0100,754621377,false,true,,0.0,
4a70bfcf-01c8-4b73-9397-b0ee75745a8d,,2025-11-28 09:15:00.000,,true,2025-12-01 10:05:08.174 +0100,754621233,false,true,,163.168,
dd8f62aa-7e64-478d-9fc5-5d74d5dadf71,,2025-11-28 09:15:00.000,,true,2025-12-01 10:05:08.174 +0100,754621137,false,true,,0.0,
d86b6726-4845-4edc-8799-a1b1a167d471,,2025-11-28 09:15:00.000,,true,2025-12-01 10:05:08.174 +0100,754620957,false,true,,0.0,
f85d96a2-9634-416d-a244-df04e2790384,,2025-11-28 09:15:00.000,,true,2025-12-01 10:05:08.174 +0100,754621229,false,true,,0.0,
6bd8d4ce-1f78-4e95-af7d-0005156b7c4f,,2025-11-28 09:15:00.000,,true,2025-12-01 10:05:08.174 +0100,754621261,false,true,,0.0,
be752d96-b1a2-48b8-b9d5-553622ef71e0,,2025-11-28 09:15:00.000,,true,2025-12-01 10:05:08.174 +0100,754621041,false,true,,0.0,
0ada1f43-71b3-466a-bb9a-349285c16ea0,,2025-11-28 09:15:00.000,,true,2025-12-01 10:05:08.174 +0100,754621933,false,true,,0.0,
dafd6f88-d186-4e9b-9a5c-2e97d7bc9897,,2025-11-28 09:15:00.000,,true,2025-12-01 10:05:08.174 +0100,754620699,false,true,,-40.792,
358fb5e5-e5a9-454a-9bc2-f1c05068f587,,2025-11-28 09:15:00.000,,true,2025-12-01 10:05:08.174 +0100,754620265,false,true,,0.0,
51da49ab-a2e2-4bc2-a486-f8f4a934c725,,2025-11-28 09:15:00.000,,true,2025-12-01 10:05:08.174 +0100,754621929,false,true,,0.0,
c5f7bd13-f5aa-4df8-a3b4-5014bf81ce2f,,2025-11-28 09:15:00.000,,true,2025-12-01 10:05:08.231 +0100,754622053,false,true,,0.0,
166bbe05-04a8-41de-b35b-eb0cfb39a1f5,,2025-11-28 09:15:00.000,,true,2025-12-01 10:05:08.174 +0100,754621921,false,true,,0.0,
45e794b5-0275-4dc6-8ba2-4d484799a65b,,2025-11-28 09:15:00.000,,true,2025-12-01 10:05:08.174 +0100,754620673,false,true,,0.0,
251308d7-3c40-4c04-80b1-b2b7292ec07a,,2025-11-28 09:15:00.000,,true,2025-12-01 10:05:08.174 +0100,754621941,false,true,,0.0,
8ca8c6ce-c338-41a1-9612-227bac983dba,,2025-11-28 09:15:00.000,,true,2025-12-01 10:05:08.231 +0100,754622385,false,true,,0.0,
cbdb7453-3aa7-4154-865c-6e167eda9986,,2025-11-28 09:15:00.000,,true,2025-12-01 10:05:08.231 +0100,754622381,false,true,,0.0,
3ec2562c-c0e0-4d7b-9a5d-5798630740cd,,2025-11-28 09:15:00.000,,true,2025-12-01 10:05:08.231 +0100,754622287,false,true,,0.0,
5670b541-992b-492f-8a74-dc7b4b0fab7e,,2025-11-28 09:15:00.000,,true,2025-12-01 10:05:08.231 +0100,754622099,false,true,,0.0,
9e0ac494-b6b5-4a5b-840a-3ecf55f86bc1,,2025-11-28 09:15:00.000,,true,2025-12-01 10:05:08.174 +0100,754621525,false,true,,0.0,
cba646e2-e2f7-43c1-a929-d883983ff015,,2025-11-28 09:15:00.000,,true,2025-12-01 10:05:08.174 +0100,754621333,false,true,,0.0,
1bf2acd0-d042-40d8-9f72-c6e6765c8fd6,,2025-11-28 09:15:00.000,,true,2025-12-01 10:05:08.174 +0100,754621349,false,true,,0.0,
dd534bdb-e999-4037-ba70-cfeed3b68b30,,2025-11-28 09:15:00.000,,true,2025-12-01 10:05:08.174 +0100,754621365,false,true,,0.0,
58879aba-85b9-4b69-8af9-91eaf8b0e63e,,2025-11-28 09:15:00.000,,true,2025-12-01 10:05:08.174 +0100,754621361,false,true,,0.0,
ca6a53cc-f357-4b30-8126-f7ef154eac88,,2025-11-28 09:15:00.000,,true,2025-12-01 10:05:08.174 +0100,754621521,false,true,,0.0,
c10361d7-24d9-4f5e-ab02-214a2751b224,,2025-11-28 09:15:00.000,,true,2025-12-01 10:05:08.174 +0100,754621465,false,true,,0.0,
f4c3afa4-52d8-4add-9abb-d96d5208f7d2,,2025-11-28 09:15:00.000,,true,2025-12-01 10:05:08.174 +0100,754621589,false,true,,0.0,
d04587b5-cd57-4cb8-b263-9ba5c080ffb9,,2025-11-28 09:15:00.000,,true,2025-12-01 10:05:08.174 +0100,754621815,false,true,,0.0,
7430d50d-fdd5-41fd-b89f-36ea54185f07,,2025-11-28 09:15:00.000,,true,2025-12-01 10:05:08.174 +0100,754621823,false,true,,0.0,
bf924ea6-ba82-4597-948f-03d0859cb43c,,2025-11-28 09:15:00.000,,true,2025-12-01 10:05:08.174 +0100,754621871,false,true,,0.0,
3bc52193-18af-46ff-abc5-5e5d718d3726,,2025-11-28 09:15:00.000,,true,2025-12-01 10:05:08.174 +0100,754621863,false,true,,0.0,
8e3fd26d-923f-4e51-bab4-6d5c50bd94be,,2025-11-28 09:15:00.000,,true,2025-12-01 10:05:08.174 +0100,754621505,false,true,,0.0,
2a0b8dd7-597f-4373-87e2-833e535c34c0,,2025-11-28 09:15:00.000,,true,2025-12-01 10:05:08.174 +0100,754621917,false,true,,0.0,
afe6be37-c5d1-4741-83aa-e9603df81361,,2025-11-28 09:15:00.000,,true,2025-12-01 10:05:08.231 +0100,754622069,false,true,,0.0,
385c526d-5b19-4526-8c25-92f7e62f81eb,,2025-11-28 09:15:00.000,,true,2025-12-01 10:05:08.231 +0100,754622077,false,true,,0.0,
8bb79f1a-685d-4e7f-94b9-ab8965c9e400,,2025-11-28 09:15:00.000,,true,2025-12-01 10:05:08.231 +0100,754622061,false,true,,0.0,
ef2bf09d-61ea-4a64-a97b-932a6c21ccb6,,2025-11-28 09:15:00.000,,true,2025-12-01 10:05:08.174 +0100,754621477,false,true,,0.0,
6b978ea6-0d52-479e-abd6-986f7257a66f,,2025-11-28 09:15:00.000,,true,2025-12-01 10:05:08.174 +0100,754620675,false,true,,0.0,
27620003-533f-4036-9cc7-fa022df7731e,,2025-11-28 09:15:00.000,,true,2025-12-01 10:05:08.174 +0100,754620695,false,true,,0.0,
5e3cd2be-8974-4e65-b5f5-e74031b431be,,2025-11-28 09:15:00.000,,true,2025-12-01 10:05:08.174 +0100,754621057,false,true,,0.0,
0c518870-a7ce-4ab5-bd5f-bddfe0e370ef,,2025-11-28 09:15:00.000,,true,2025-12-01 10:05:08.174 +0100,754620557,false,true,,0.0,
bda70c9f-9f28-4b46-882d-52a1320aae3a,,2025-11-28 09:15:00.000,,true,2025-12-01 10:05:08.174 +0100,754621671,false,true,,0.0,
c19e8e84-7ef3-4e94-901f-545fcc95f850,,2025-11-28 09:15:00.000,,true,2025-12-01 10:05:08.174 +0100,754621537,false,true,,0.0,
58528732-29d7-4b62-842f-2f2481c2d69f,,2025-11-28 09:15:00.000,,true,2025-12-01 10:05:08.174 +0100,754621469,false,true,,0.0,
6be182a5-1d39-4aea-9598-9f5b81669a8f,,2025-11-28 09:15:00.000,,true,2025-12-01 10:05:08.174 +0100,754621447,false,true,,0.0,
ab054bf7-94ce-44e5-9ea2-f7e2e2b8ff1c,,2025-11-28 09:15:00.000,,true,2025-12-01 10:05:08.174 +0100,754621187,false,true,,0.0,
cd4d5033-9b3a-42ca-bba0-0918595b2e9b,,2025-11-28 09:15:00.000,,true,2025-12-01 10:05:08.174 +0100,754620413,false,true,,0.0,
c9f9146e-404c-451f-b168-0fd8d1585f9d,,2025-11-28 09:15:00.000,,true,2025-12-01 10:05:08.174 +0100,754621081,false,true,,0.0,
3ad3f57e-b35a-41f4-8137-ee6f51fab465,,2025-11-28 09:15:00.000,,true,2025-12-01 10:05:08.174 +0100,754621025,false,true,,0.0,
7824bd31-1076-42ba-8c9b-c21f87b184f6,,2025-11-28 09:15:00.000,,true,2025-12-01 10:05:08.174 +0100,754620873,false,true,,0.0,
1d023ba5-4104-45c4-84b1-84d8e2b7bc5e,,2025-11-28 09:15:00.000,,true,2025-12-01 10:05:08.174 +0100,754621141,false,true,,0.0,
8017a2d2-a43d-4222-bed3-2a1fc5b9a649,,2025-11-28 09:15:00.000,,true,2025-12-01 10:05:08.174 +0100,754620985,false,true,,0.0,
4cbdc518-1452-497e-a9ec-1fee23957304,,2025-11-28 09:15:00.000,,true,2025-12-01 10:05:08.174 +0100,754621045,false,true,,0.0,
5bfb4c37-59ec-45e2-bfd7-33cb82b4eadb,,2025-11-28 09:15:00.000,,true,2025-12-01 10:05:08.174 +0100,754620997,false,true,,0.0,
5ac7fb3e-1e6a-4ce9-83b8-8ab445781308,,2025-11-28 09:15:00.000,,true,2025-12-01 10:05:08.174 +0100,754620857,false,true,,0.0,
a118fc44-a250-42fa-a25a-dfbf5e4da693,,2025-11-28 09:15:00.000,,true,2025-12-01 10:05:08.174 +0100,754620845,false,true,,0.0,
8be4e23d-680a-41d5-944b-2c8a3684557d,,2025-11-28 09:15:00.000,,true,2025-12-01 10:05:08.174 +0100,754620981,false,true,,0.0,
3b00dbf3-3431-4906-a08f-6136eb7d0eae,,2025-11-28 09:15:00.000,,true,2025-12-01 10:05:08.174 +0100,754620731,false,true,,-40.792,
38d5bf0a-f068-40b4-b87e-85e18bac9fb4,,2025-11-28 09:15:00.000,,true,2025-12-01 10:05:08.174 +0100,754620965,false,true,,0.0,
e39170ba-75d5-41c0-b733-9ec81fa29c66,,2025-11-28 09:15:00.000,,true,2025-12-01 10:05:08.174 +0100,754620793,false,true,,0.0,
5ce41607-26aa-4b37-8dcb-49e7cf9324c3,,2025-11-28 09:15:00.000,,true,2025-12-01 10:05:08.174 +0100,754620837,false,true,,0.0,
24c4aff5-9b0e-48da-b13d-1aef99ba00a9,,2025-11-28 09:15:00.000,,true,2025-12-01 10:05:08.174 +0100,754620941,false,true,,0.0,
6ae9297c-f780-4aa5-bda3-760bd31cea79,,2025-11-28 09:15:00.000,,true,2025-12-01 10:05:08.174 +0100,754621093,false,true,,0.0,
ebf4d996-be10-490b-82b6-375b449aa271,,2025-11-28 09:15:00.000,,true,2025-12-01 10:05:08.174 +0100,754620761,false,true,,0.0,
06f6b48f-8a73-43ad-8fb2-13064f2c4cc9,,2025-11-28 09:15:00.000,,true,2025-12-01 10:05:08.174 +0100,754620321,false,true,,0.0,
b191835c-5f99-4169-85df-cf9314716261,,2025-11-28 09:15:00.000,,true,2025-12-01 10:05:08.174 +0100,754620269,false,true,,0.0,
a669328f-a2fd-4319-80ec-eea056f6bb0f,,2025-11-28 09:15:00.000,,true,2025-12-01 10:05:08.174 +0100,754620595,false,true,,0.0,
cd231eeb-f3c6-42bd-a32a-2bf4d50b12fe,,2025-11-28 09:15:00.000,,true,2025-12-01 10:05:08.174 +0100,754620521,false,true,,0.0,
ab3ad79d-baa3-4133-834c-f8b8f2359ae8,,2025-11-28 09:15:00.000,,true,2025-12-01 10:05:08.174 +0100,754621073,false,true,,0.0,
35f41e13-6696-4b72-8e42-9c92f135b9c7,,2025-11-28 09:15:00.000,,true,2025-12-01 10:05:08.174 +0100,754620293,false,true,,0.0,
73054e6d-618e-4e80-8cc6-ec5e68a58416,,2025-11-28 09:15:00.000,,true,2025-12-01 10:05:08.174 +0100,754620969,false,true,,0.0,
f4261aef-d177-4c30-a0ff-77867c6d9bed,,2025-11-28 09:15:00.000,,true,2025-12-01 10:05:08.174 +0100,754621429,false,true,,0.0,
8994c3b6-7588-416a-ac1e-9f5f709487be,,2025-11-28 09:15:00.000,,true,2025-12-01 10:05:08.174 +0100,754621601,false,true,,0.0,
ddae894c-c5d5-4dcd-be2f-3b63bd3ab5b1,,2025-11-28 09:15:00.000,,true,2025-12-01 10:05:08.231 +0100,754622013,false,true,,0.0,
37fcfd60-ae29-40ec-ac87-55bc99c4532c,,2025-11-28 09:15:00.000,,true,2025-12-01 10:05:08.174 +0100,754621855,false,true,,0.0,
df620243-da66-4cd4-ab4a-3f7586547ef6,,2025-11-28 09:15:00.000,,true,2025-12-01 10:05:08.231 +0100,754622401,false,true,,0.0,
751b540a-d5df-4238-a262-5fbe2a83d46d,,2025-11-28 09:15:00.000,,true,2025-12-01 10:05:08.174 +0100,754621851,false,true,,0.0,
6e1b980e-ba66-4e6b-8d3c-1e0529bd3965,,2025-11-28 09:15:00.000,,true,2025-12-01 10:05:08.174 +0100,754621843,false,true,,0.0,
54db6a74-9bc0-42c3-a979-30ec4d373353,,2025-11-28 09:15:00.000,,true,2025-12-01 10:05:08.174 +0100,754621617,false,false,,0.0,
3d1021b1-fca1-4f00-8d36-c05a626c7d87,,2025-11-28 09:15:00.000,,true,2025-12-01 10:05:08.174 +0100,754621585,false,true,,0.0,
6402f5ad-cac6-4c4c-a042-681ce7750059,,2025-11-28 09:15:00.000,,true,2025-12-01 10:05:08.231 +0100,754622253,false,true,,0.0,
0107d0f9-25e7-4795-8d6a-2ceaee0b0e31,,2025-11-28 09:15:00.000,,true,2025-12-01 10:05:08.231 +0100,754622029,false,true,,0.0,
483e2a84-6ea1-4f39-a757-83726a2110df,,2025-11-28 09:15:00.000,,true,2025-12-01 10:05:08.231 +0100,754622409,false,true,,0.0,
68695196-7892-4913-96e1-031d882cb6ec,,2025-11-28 09:15:00.000,,true,2025-12-01 10:05:08.174 +0100,754621937,false,true,,0.0,
441ef94d-da06-475c-930c-2aa05f22e1ce,,2025-11-28 09:15:00.000,,true,2025-12-01 10:05:08.174 +0100,754621345,false,false,,0.0,
6c33a509-72cd-436b-81ed-5f4d42cce485,,2025-11-28 09:15:00.000,,true,2025-12-01 10:05:08.231 +0100,754622021,false,false,,0.0,
62fe99e2-a60e-4235-854f-82330a84a944,,2025-11-28 09:15:00.000,,true,2025-12-01 10:05:08.174 +0100,754620309,false,true,,0.0,
26adb055-8062-4f6a-a5ce-035e44a0b609,,2025-11-28 09:15:00.000,,true,2025-12-01 10:05:08.174 +0100,754620313,false,true,,0.0,
edd54cf0-8300-4bc2-bd0f-76810c8d8752,,2025-11-28 09:15:00.000,,true,2025-12-01 10:05:08.174 +0100,754621281,false,true,,0.0,
b7a90457-6a41-4503-a2cc-ad2fe17a75fe,,2025-11-28 09:15:00.000,,true,2025-12-01 10:05:08.174 +0100,754621699,false,true,,0.0,
3c3d083c-e8da-481a-86d0-67787d4539e9,,2025-11-28 09:15:00.000,,true,2025-12-01 10:05:08.174 +0100,754621859,false,false,,0.0,
86e4b0b9-4720-4616-bfbe-04dafe306936,,2025-11-28 09:15:00.000,,true,2025-12-01 10:05:08.174 +0100,754621883,false,true,,0.0,
91c352c7-bf20-47fa-b814-b7de90c083a4,,2025-11-28 09:15:00.000,,true,2025-12-01 10:05:08.174 +0100,754621549,false,true,,0.0,
44839b2f-e25b-4fdb-bbdf-56c7128a9d2c,,2025-11-28 09:15:00.000,,true,2025-12-01 10:05:08.174 +0100,754621105,false,false,,0.0,
d16f7f1d-7fb9-4fc0-addc-79e4336112e2,,2025-11-28 09:15:00.000,,true,2025-12-01 10:05:08.231 +0100,754622109,false,false,,0.0,
401b5ac8-50b7-449d-83ef-c1c6a4a0e648,,2025-11-28 09:15:00.000,,true,2025-12-01 10:05:08.231 +0100,754622149,false,true,,0.0,
738b35df-87e7-427b-b45c-9a5d14d16da7,,2025-11-28 09:15:00.000,,true,2025-12-01 10:05:08.231 +0100,754622139,false,true,,0.0,
4dabca3d-e9f9-4335-bf94-aa145545fb64,,2025-11-28 09:15:00.000,,true,2025-12-01 10:05:08.231 +0100,754622089,false,true,,0.0,
1238cd88-043c-46b2-a091-734cf0726f6d,,2025-11-28 09:15:00.000,,true,2025-12-01 10:05:08.231 +0100,754622085,false,false,,0.0,
de5c0d14-5c87-4112-a827-eea871344544,,2025-11-28 09:15:00.000,,true,2025-12-01 10:05:08.231 +0100,754622065,false,false,,0.0,
2d27cfb1-4eb0-4701-a29f-5ede9cb60bc6,,2025-11-28 09:15:00.000,,true,2025-12-01 10:05:08.174 +0100,754621965,false,false,,0.0,
c72872a4-3443-438b-afc6-a25ca1352631,,2025-11-28 09:15:00.000,,true,2025-12-01 10:05:08.174 +0100,754621897,false,true,,0.0,
fcc4387a-e3a1-4d5a-a336-8035989b2b8a,,2025-11-28 09:15:00.000,,true,2025-12-01 10:05:08.174 +0100,754621887,false,true,,0.0,
f72f542f-70d1-41e7-94e5-08c1be68b9c8,,2025-11-28 09:15:00.000,,true,2025-12-01 10:05:08.174 +0100,754621835,false,true,,0.0,
a3f6c806-282f-4c47-abd0-46c79bdf72fd,,2025-11-28 09:15:00.000,,true,2025-12-01 10:05:08.174 +0100,754621613,false,true,,0.0,
ff14a917-a1d3-4c7f-b7ca-fb77a9574d00,,2025-11-28 09:15:00.000,,true,2025-12-01 10:05:08.174 +0100,754621827,false,false,,0.0,
da698589-4d86-4a6d-b328-c03c9a97b0ac,,2025-11-28 09:15:00.000,,true,2025-12-01 10:05:08.174 +0100,754621727,false,false,,0.0,
00d46018-e68e-4fad-8721-41ab9c821a01,,2025-11-28 09:15:00.000,,true,2025-12-01 10:05:08.174 +0100,754621711,false,true,,0.0,
96709ccd-8a67-4ba0-98b4-3ad131c8f630,,2025-11-28 09:15:00.000,,true,2025-12-01 10:05:08.174 +0100,754621609,false,true,,0.0,
88674254-bf0c-45de-b5df-bd1b265bbf22,,2025-11-28 09:15:00.000,,true,2025-12-01 10:05:08.231 +0100,754622157,false,true,,0.0,
a93f7d48-88a5-4cb4-962f-e63b66c8d586,,2025-11-28 09:15:00.000,,true,2025-12-01 10:05:08.174 +0100,754620707,false,false,,0.0,
977c8479-dd9e-44e0-94d3-752d4ec6c9dc,,2025-11-28 09:15:00.000,,true,2025-12-01 10:05:08.231 +0100,754622153,false,true,,0.0,
3ce382c4-0189-4eda-b6df-cf77cc687e62,,2025-11-28 09:15:00.000,,true,2025-12-01 10:05:08.174 +0100,754621561,false,true,,0.0,
83fa2b52-c273-450a-8497-a54fb351d45b,,2025-11-28 09:15:00.000,,true,2025-12-01 10:05:08.174 +0100,754620753,false,true,,0.0,
86c9769b-c025-4af2-aa4e-67037cc72198,,2025-11-28 09:15:00.000,,true,2025-12-01 10:05:08.174 +0100,754621001,false,true,,0.0,
e37a0dc9-3672-4997-862b-92a0cd2710a5,,2025-11-28 09:15:00.000,,true,2025-12-01 10:05:08.174 +0100,754621541,false,true,,0.0,
7e738b5a-7e72-4344-addb-b084fbd1be6b,,2025-11-28 09:15:00.000,,true,2025-12-01 10:05:08.231 +0100,754621981,false,true,,0.0,
61a7b6ab-b0fa-424a-b05a-e03be3fa7042,,2025-11-28 09:15:00.000,,true,2025-12-01 10:05:08.174 +0100,754621901,false,false,,0.0,
7ffbf7f9-c6d8-43f8-9885-b6c54be721ac,,2025-11-28 09:15:00.000,,true,2025-12-01 10:05:08.231 +0100,754622413,false,true,,0.0,
d1b80fcb-32a2-4bea-890b-0d8aa636d3dc,,2025-11-28 09:15:00.000,,true,2025-12-01 10:05:08.174 +0100,754621529,false,false,,0.0,
0e1bf86d-5075-484c-beb1-75f47fadbc06,,2025-11-28 09:15:00.000,,true,2025-12-01 10:05:08.231 +0100,754622405,false,true,,0.0,
85d324b2-2f12-4126-8f2f-5ce731a6fa58,,2025-11-28 09:15:00.000,,true,2025-12-01 10:05:08.231 +0100,754622397,false,true,,0.0,
0f196edf-4319-4afe-b72f-db8f9bef08d3,,2025-11-28 09:15:00.000,,true,2025-12-01 10:05:08.174 +0100,754621213,false,true,,0.0,
0b097dc9-4ce7-47de-9f55-971129cd9055,,2025-11-28 09:15:00.000,,true,2025-12-01 10:05:08.231 +0100,754622305,false,true,,0.0,
00710a5d-fe05-4335-a5ef-c8d537976cb0,,2025-11-28 09:15:00.000,,true,2025-12-01 10:05:08.174 +0100,754621533,false,false,,0.0,
35350280-9247-4ba5-9d43-80b5ffcee779,,2025-11-28 09:15:00.000,,true,2025-12-01 10:05:08.174 +0100,754621509,false,false,,0.0,
6ba5675a-feef-4f6f-9a5e-c8466deca307,,2025-11-28 09:15:00.000,,true,2025-12-01 10:05:08.231 +0100,754622129,false,true,,0.0,
41d2d65c-0b46-4194-85d4-25debecf4375,,2025-11-28 09:15:00.000,,true,2025-12-01 10:05:08.231 +0100,754622119,false,true,,0.0,
9becb34d-7d30-494b-ada6-7b919013d019,,2025-11-28 09:15:00.000,,true,2025-12-01 10:05:08.174 +0100,754621905,false,true,,0.0,
9b384aea-9f06-4235-9bf4-d1ac6412536a,,2025-11-28 09:15:00.000,,true,2025-12-01 10:05:08.174 +0100,754621891,false,true,,0.0,
6ade1d01-d966-44a7-bfa1-dd8ca08bd8b9,,2025-11-28 09:15:00.000,,true,2025-12-01 10:05:08.174 +0100,754621747,false,false,,0.0,
aa876877-3503-4f10-9e4a-8f8e59b171a6,,2025-11-28 09:15:00.000,15058914.27148188,false,2025-12-01 10:05:08.174 +0100,754620347,true,false,,15058914.27148188,13.99989533291748
b71f2152-a9e1-4b13-a5ac-0adebe6c7704,,2025-11-28 09:15:00.000,7307114.952736801,false,2025-12-01 10:05:08.174 +0100,754621109,true,false,,7307114.952736801,11.005936542890279
509744bf-2cb7-4358-ae0e-0afdc2da647a,,2025-11-28 09:15:00.000,6912027.70461936,false,2025-12-01 10:05:08.174 +0100,754621117,true,false,,6912027.70461936,11.1752450221995
985db854-1b90-4589-9257-8057f6a22115,,2025-11-28 09:15:00.000,4601860.76273112,false,2025-12-01 10:05:08.174 +0100,754621161,true,false,,4601860.76273112,0.968108066591652
2bb94a69-d39c-41da-b093-7b3c951cb524,,2025-11-28 09:15:00.000,1709411.3553217321,false,2025-12-01 10:05:08.174 +0100,754620395,true,true,,1709411.3553217321,8.30955300000696
683cf304-a462-42cf-9fa0-bd8bc15e1a2d,,2025-11-28 09:15:00.000,1396782.334478412,false,2025-12-01 10:05:08.174 +0100,754621169,true,false,,1396782.334478412,1.071178533426924
3acd6ed0-cab3-4c27-9e12-99bf98f3486b,,2025-11-28 09:15:00.000,765531.823018248,false,2025-12-01 10:05:08.174 +0100,754620527,true,false,,765531.823018248,3.394971139523652
2a3947e1-cc01-410a-b412-ef999ab81135,,2025-11-28 09:15:00.000,762604.1233648921,false,2025-12-01 10:05:08.174 +0100,754620335,true,false,,762604.1233648921,14.24036746663074
df797c00-90c6-4e7b-80d6-e99ace521b35,,2025-11-28 09:15:00.000,440234.61684062396,false,2025-12-01 10:05:08.174 +0100,754620757,true,false,,440234.61684062396,4.825087672008781
67939dfb-92b5-457b-97c5-9a9df17ee4a1,,2025-11-28 09:15:00.000,421574.845524588,false,2025-12-01 10:05:08.174 +0100,754620655,true,false,,421574.845524588,5.21563333355586
2e7d24e2-43c2-4a0f-a7c2-e490c0af8b96,,2025-11-28 09:15:00.000,356908.2668581428,false,2025-12-01 10:05:08.174 +0100,754621381,true,false,,356908.2668581428,
fe01cbb8-f746-4d2f-a5c9-c910301f8536,,2025-11-28 09:15:00.000,338080.81820634,false,2025-12-01 10:05:08.174 +0100,754620649,true,true,,338080.81820634,1.84583283332994
dcfabc5e-48d8-4194-a898-66c455b9cf6c,,2025-11-28 09:15:00.000,319322.96295425284,false,2025-12-01 10:05:08.174 +0100,754621133,true,false,,319322.96295425284,1.915474800003894
b5cb31ff-ce67-47d1-954d-6726ae9efd15,,2025-11-28 09:15:00.000,254298.8492625132,false,2025-12-01 10:05:08.174 +0100,754620479,true,false,,254298.8492625132,2.6028362888996583
6e376812-afbd-4a46-abc9-a1b23c797d37,,2025-11-28 09:15:00.000,253750.05481472283,false,2025-12-01 10:05:08.174 +0100,754620503,true,false,,253750.05481472283,2.30231433335733
ea2f6e62-7484-4757-aeb7-ee639b611b47,,2025-11-28 09:15:00.000,212348.5606357308,false,2025-12-01 10:05:08.174 +0100,754620769,true,false,,212348.5606357308,3.246000200062092
6d729aa7-2835-492c-bfd7-06fb41a2c7f7,,2025-11-28 09:15:00.000,158663.1452846724,false,2025-12-01 10:05:08.174 +0100,754620619,true,false,,158663.1452846724,1.507567955082966
60a6aa00-2f2e-4a12-b2ea-1880953405de,,2025-11-28 09:15:00.000,143160.0419900664,false,2025-12-01 10:05:08.174 +0100,754620631,true,false,,143160.0419900664,1.323689577579198
85848893-1376-4f9f-a452-f14c00374e51,,2025-11-28 09:15:00.000,141830.6119834932,false,2025-12-01 10:05:08.174 +0100,754620921,true,false,,141830.6119834932,0.87271452830178
65843c72-9401-433f-8c29-9c9b99f66dc3,,2025-11-28 09:15:00.000,103171.2638048136,false,2025-12-01 10:05:08.174 +0100,754621101,true,false,,103171.2638048136,11.191040311575062
93820062-1382-4904-920b-36278f42a7a3,,2025-11-28 09:15:00.000,94439.59864566481,false,2025-12-01 10:05:08.174 +0100,754621125,true,false,,94439.59864566481,0.35214938889610503
71efb863-3af6-4187-96c9-e0b7a6776602,,2025-11-28 09:15:00.000,88106.7292955244,false,2025-12-01 10:05:08.174 +0100,754620825,true,true,,88106.7292955244,0.0
491807df-8391-4801-a31e-349eaa062f48,,2025-11-28 09:15:00.000,74437.3689450408,false,2025-12-01 10:05:08.174 +0100,754620665,true,false,,74437.3689450408,0.879999999999984
913358af-d4d8-4524-919c-266dc3b23c21,,2025-11-28 09:15:00.000,72658.55627280001,false,2025-12-01 10:05:08.174 +0100,754621149,true,false,,72658.55627280001,0.7288344000035281
f636e867-ff96-463f-bbb6-ccc800a23a23,,2025-11-28 09:15:00.000,72468.4403013876,false,2025-12-01 10:05:08.174 +0100,754621419,true,false,,72468.4403013876,6.86451057776622
24755bc1-b5f1-414b-bc61-54017fc369c9,,2025-11-28 09:15:00.000,69226.0077711312,false,2025-12-01 10:05:08.174 +0100,754620423,true,false,,69226.0077711312,
f626232f-b84e-45ba-a44c-af8c134225be,,2025-11-28 09:15:00.000,65326.2553007496,false,2025-12-01 10:05:08.174 +0100,754620359,true,false,,65326.2553007496,2.3064328888791117
738b559e-70b8-4307-8a41-356b7f88dc51,,2025-11-28 09:15:00.000,64073.3103267624,false,2025-12-01 10:05:08.174 +0100,754620833,true,false,,64073.3103267624,0.8658789333343739
85786015-21d4-43fb-87a4-a22c03de22e3,,2025-11-28 09:15:00.000,46306.3571031672,false,2025-12-01 10:05:08.174 +0100,754620405,true,false,,46306.3571031672,0.52247174604354
c471800f-13f6-47c3-910a-fc502f84b983,,2025-11-28 09:15:00.000,40699.6288631892,false,2025-12-01 10:05:08.174 +0100,754620511,true,false,,40699.6288631892,0.24982562223030602
59da8124-d926-4d41-abe3-3900f91ea74f,,2025-11-28 09:15:00.000,38170.546490437206,false,2025-12-01 10:05:08.174 +0100,754621129,true,false,,38170.546490437206,4.93804902224538
53b4593e-bc31-4ebf-8678-a94486d12468,,2025-11-28 09:15:00.000,32540.979076204683,false,2025-12-01 10:05:08.174 +0100,754620949,true,false,,32540.979076204683,23.808781876413782
87624037-436b-455f-969a-d632f44d5704,,2025-11-28 09:15:00.000,31740.04174659228,false,2025-12-01 10:05:08.174 +0100,754620785,true,false,,31740.04174659228,2.1799999999985404
33875e82-6d55-49af-ad93-610c24eded37,,2025-11-28 09:15:00.000,25866.15658291908,false,2025-12-01 10:05:08.174 +0100,754620841,true,false,,25866.15658291908,0.420001066668834
13dc89f3-3b7e-4c92-9ddc-5225fc292d2c,,2025-11-28 09:15:00.000,11861.09011366092,false,2025-12-01 10:05:08.174 +0100,754620421,true,false,,11861.09011366092,2.891478466663452
2af4fe77-8d5e-4606-9deb-d38cec267d99,,2025-11-28 09:15:00.000,10857.53811570552,false,2025-12-01 10:05:08.174 +0100,754620977,true,false,,10857.53811570552,1.3427936222288401
02318f47-f5b8-4fd3-9440-fe375ced712f,,2025-11-28 09:15:00.000,5984.215839981361,false,2025-12-01 10:05:08.174 +0100,754620805,true,false,,5984.215839981361,0.796896155552094
6ebe0bcf-42ed-44ff-82b3-3525fec7d4bc,,2025-11-28 09:15:00.000,3953.0618703057603,false,2025-12-01 10:05:08.174 +0100,754621029,true,false,,3953.0618703057603,1.8031196000020502
fb313d0d-acd2-47ac-944e-edabaca2e335,,2025-11-28 09:15:00.000,2873.824639244352,false,2025-12-01 10:05:08.174 +0100,754621049,true,false,,2873.824639244352,
d9bbdd5b-b1a8-4d7f-a5d8-64ed5944a292,,2025-11-28 09:15:00.000,1742.25369836466,false,2025-12-01 10:05:08.174 +0100,754620797,true,false,,1742.25369836466,0.3008916222360408
2618fa81-2230-4543-8b7c-e5be9b568017,,2025-11-28 09:15:00.000,381.970417165272,false,2025-12-01 10:05:08.174 +0100,754620403,true,false,,381.970417165272,0.05689722666422538
e2a01010-d9ba-49fd-bfdb-d986c126f1c3,,2025-11-28 09:15:00.000,124.12878125,false,2025-12-01 10:05:08.174 +0100,754620829,true,true,,124.12878125,119.10945312500002
cd3af779-4017-4cef-b959-3c35f7e28118,,2025-11-28 09:15:00.000,123.3320625,false,2025-12-01 10:05:08.174 +0100,754620821,true,true,,123.3320625,117.09981107788158
8466903d-b194-427a-a696-d665bd2c0e34,,2025-11-28 09:15:00.000,117.96120000000002,false,2025-12-01 10:05:08.174 +0100,754621945,true,true,,117.96120000000002,
05e30c86-57f7-4169-81ac-ac6488da0ebf,,2025-11-28 09:15:00.000,115.332838682593,false,2025-12-01 10:05:08.174 +0100,754620749,true,true,,115.332838682593,124.69931871778226
0f0b3da3-a3cb-4ce8-a294-1b9c7dc1118b,,2025-11-28 09:15:00.000,102.99275080426492,false,2025-12-01 10:05:08.174 +0100,754620889,true,false,,102.99275080426492,125.60497096301745
be496d74-ff2e-4b82-ae7c-0602847ec391,,2025-11-28 09:15:00.000,102.45803125,false,2025-12-01 10:05:08.174 +0100,754620581,true,false,,102.45803125,
3ff9dd72-4e72-42e3-89d2-949461a5374a,,2025-11-28 09:15:00.000,102.41177455608151,true,2025-12-01 10:05:08.174 +0100,754620933,false,false,,0.0,102.41177455608151
3a02163d-c4c7-4406-971a-aabb7402a6be,,2025-11-28 09:15:00.000,86.12021492388281,false,2025-12-01 10:05:08.174 +0100,754620325,true,true,,86.12021492388281,
89b48fcd-2421-4ec3-a9cf-445c09ad5c78,,2025-11-28 09:15:00.000,84.95622576668262,false,2025-12-01 10:05:08.174 +0100,754620909,true,false,,84.95622576668262,110.37917416031854
605a83f7-a0f8-4173-8884-99956883c1a1,,2025-11-28 09:15:00.000,83.21500919636495,false,2025-12-01 10:05:08.174 +0100,754621113,true,false,,83.21500919636495,198.67191456183144
d906404b-b483-4829-9009-17eb37ab98c9,,2025-11-28 09:15:00.000,81.823015625,false,2025-12-01 10:05:08.174 +0100,754621373,true,true,,81.823015625,81.64054454656142
d0d453c9-0b06-4c29-86bf-c625e3fc0fef,,2025-11-28 09:15:00.000,74.84196961561537,false,2025-12-01 10:05:08.174 +0100,754621953,true,true,,74.84196961561537,
5c380342-8f1b-4752-9ee9-9fb6839344be,,2025-11-28 09:15:00.000,73.12331269083167,false,2025-12-01 10:05:08.174 +0100,754620777,true,true,,73.12331269083167,183.72334375000003
bea30909-f668-4a8a-bd68-2f3b5cb2db6c,,2025-11-28 09:15:00.000,72.5815295067385,false,2025-12-01 10:05:08.174 +0100,754620497,true,true,,72.5815295067385,73.90799118304405
755d9b9e-3758-4902-b6dd-15230160a8ee,,2025-11-28 09:15:00.000,71.54834662652442,false,2025-12-01 10:05:08.231 +0100,754622045,true,true,,71.54834662652442,
7557e2c1-23a6-4894-a896-daf0eb3f5006,,2025-11-28 09:15:00.000,69.2137069901208,false,2025-12-01 10:05:08.174 +0100,754620583,true,false,,69.2137069901208,0.0113683063261518
0b73718d-a078-4206-b1db-9ac175dbbca2,,2025-11-28 09:15:00.000,68.76140483461968,false,2025-12-01 10:05:08.174 +0100,754620905,true,false,,68.76140483461968,82.80765443478755
8091a4d4-643f-4905-be08-39394e0a01e0,,2025-11-28 09:15:00.000,65.98996904049739,false,2025-12-01 10:05:08.231 +0100,754622241,true,true,,65.98996904049739,
01b3d4c9-c0bf-4567-ae99-98a778f1c1d4,,2025-11-28 09:15:00.000,63.8570078125,false,2025-12-01 10:05:08.174 +0100,754621173,true,true,,63.8570078125,79.7261076453227
0b02591d-d2fe-4ae4-8838-0073752b5b9b,,2025-11-28 09:15:00.000,57.891748621101314,false,2025-12-01 10:05:08.174 +0100,754620817,true,true,,57.891748621101314,
c922390b-0fbd-41e0-87e7-6805b7177a04,,2025-11-28 09:15:00.000,50.222578609688405,false,2025-12-01 10:05:08.231 +0100,754622133,true,true,,50.222578609688405,
e6905b9f-734b-4de7-a94f-795e895ca352,,2025-11-28 09:15:00.000,50.204462701779526,false,2025-12-01 10:05:08.174 +0100,754620745,true,true,,50.204462701779526,
3e87f173-a708-4000-98c7-dfc7331e8997,,2025-11-28 09:15:00.000,48.754624357277386,false,2025-12-01 10:05:08.174 +0100,754621121,true,false,,48.754624357277386,114.03519894377828
fe3a4af4-eca8-4a7f-b4bd-9e8bd9e95e98,,2025-11-28 09:15:00.000,47.2852578125,false,2025-12-01 10:05:08.174 +0100,754620961,true,true,,47.2852578125,45.87108203125
dd553179-3fb1-45a6-ac37-4d3e4d143c6c,,2025-11-28 09:15:00.000,46.649158885570166,false,2025-12-01 10:05:08.174 +0100,754620937,true,false,,46.649158885570166,78.56627538409114
66505488-6545-4ecf-b0ba-6974d1e57f4f,,2025-11-28 09:15:00.000,43.421171875,false,2025-12-01 10:05:08.174 +0100,754620801,true,true,,43.421171875,43.620351562500005
af1e7deb-7794-48a9-ad88-ef064187e122,,2025-11-28 09:15:00.000,41.87707539591233,false,2025-12-01 10:05:08.174 +0100,754621237,true,true,,41.87707539591233,66.72265475352869
15f48942-1231-4451-b99b-71320b47961d,,2025-11-28 09:15:00.000,37.48245249756573,false,2025-12-01 10:05:08.174 +0100,754621651,true,false,,37.48245249756573,
ee0c06a9-0a8e-4655-9c5f-deb92dff8d36,,2025-11-28 09:15:00.000,31.703116437140043,false,2025-12-01 10:05:08.231 +0100,754622217,true,true,,31.703116437140043,
e17b9242-a7d3-4887-8b02-c79481842d4b,,2025-11-28 09:15:00.000,31.635446225686433,false,2025-12-01 10:05:08.174 +0100,754621021,true,true,,31.635446225686433,62.935728038688566
bfa15085-3cc6-4c20-b5f0-6f1f26339cac,,2025-11-28 09:15:00.000,31.252280648337837,false,2025-12-01 10:05:08.174 +0100,754621317,true,false,,31.252280648337837,
be70e552-a4f1-4fe1-8f50-459402259315,,2025-11-28 09:15:00.000,31.095248904154495,false,2025-12-01 10:05:08.174 +0100,754620485,true,true,,31.095248904154495,
cbc10ef1-2a1f-48b5-a561-6bb4c71540d4,,2025-11-28 09:15:00.000,30.8753768105298,false,2025-12-01 10:05:08.231 +0100,754622169,true,false,,30.8753768105298,
db5acbb6-fdd9-45a2-af70-aea842db715a,,2025-11-28 09:15:00.000,30.3684655720517,false,2025-12-01 10:05:08.174 +0100,754620813,true,false,,30.3684655720517,
883c853b-9a6f-4ee3-98e9-c12d0302a129,,2025-11-28 09:15:00.000,30.096089423435117,false,2025-12-01 10:05:08.174 +0100,754620913,true,false,,30.096089423435117,35.47331180919808
16b482f0-c1f0-4e33-8bae-0130e808e996,,2025-11-28 09:15:00.000,30.02073505023479,false,2025-12-01 10:05:08.174 +0100,754621557,true,false,,30.02073505023479,
d728625f-1360-48f7-b665-d66c5b1da4da,,2025-11-28 09:15:00.000,29.211854090304083,false,2025-12-01 10:05:08.174 +0100,754620917,true,false,,29.211854090304083,154.324421875
9e026c53-2c66-4795-be35-dd4e80d7390e,,2025-11-28 09:15:00.000,28.137194723723887,false,2025-12-01 10:05:08.174 +0100,754621573,true,false,,28.137194723723887,
f0b5d784-edb5-4fa9-832f-24d05c41e2e0,,2025-11-28 09:15:00.000,27.016546575519556,false,2025-12-01 10:05:08.174 +0100,754621847,true,false,,27.016546575519556,
00e9e34e-2034-48f8-b3ce-a3e4a887338c,,2025-11-28 09:15:00.000,26.710963412834015,false,2025-12-01 10:05:08.174 +0100,754621621,true,false,,26.710963412834015,
0497b8ac-fb16-45ed-aac9-bd531938e10d,,2025-11-28 09:15:00.000,26.631864904638302,false,2025-12-01 10:05:08.174 +0100,754621949,true,true,,26.631864904638302,
622f0120-8410-453c-9da9-7862b5763060,,2025-11-28 09:15:00.000,26.62726650320159,false,2025-12-01 10:05:08.174 +0100,754620383,true,true,,26.62726650320159,
58823081-313f-4a21-9252-cc06956406af,,2025-11-28 09:15:00.000,26.62277874374518,false,2025-12-01 10:05:08.174 +0100,754620637,true,true,,26.62277874374518,
776587c5-3871-4839-9265-8a63897d3fb2,,2025-11-28 09:15:00.000,26.331751083681137,false,2025-12-01 10:05:08.174 +0100,754620765,true,true,,26.331751083681137,36.69375483649989
15804ff5-b888-4484-beb3-da84632e74b3,,2025-11-28 09:15:00.000,26.024007978926523,false,2025-12-01 10:05:08.231 +0100,754621993,true,false,,26.024007978926523,
fecbb61a-315f-49ee-8366-626c24eacd10,,2025-11-28 09:15:00.000,24.690802363259397,false,2025-12-01 10:05:08.231 +0100,754622333,true,true,,24.690802363259397,
2c820e45-22d8-4a99-9706-1e9f6b2436f2,,2025-11-28 09:15:00.000,24.243854695037506,false,2025-12-01 10:05:08.174 +0100,754620901,true,true,,24.243854695037506,30.325107421875003
99759929-c0bc-433c-88a1-a27a617c6c28,,2025-11-28 09:15:00.000,24.138293722822784,false,2025-12-01 10:05:08.231 +0100,754621989,true,true,,24.138293722822784,
2401ace2-c452-4cf4-a9f6-954f7f17c03e,,2025-11-28 09:15:00.000,24.12572924107885,false,2025-12-01 10:05:08.174 +0100,754621265,true,false,,24.12572924107885,
7ad20b2a-d95e-4d45-9e8e-bb70393cddc6,,2025-11-28 09:15:00.000,23.922758928154202,false,2025-12-01 10:05:08.231 +0100,754622361,true,false,,23.922758928154202,
2faef107-ecfc-44fa-98d7-c989c56dabe2,,2025-11-28 09:15:00.000,22.827144070414292,false,2025-12-01 10:05:08.174 +0100,754621405,true,true,,22.827144070414292,63.18743238434094
00606403-e63f-460b-a1ca-d67574c57502,,2025-11-28 09:15:00.000,21.39242543020476,false,2025-12-01 10:05:08.231 +0100,754622211,true,true,,21.39242543020476,
433b22a2-04f0-4e10-9728-4eb5758f4d35,,2025-11-28 09:15:00.000,21.250386941704743,false,2025-12-01 10:05:08.174 +0100,754620533,true,true,,21.250386941704743,
fa8fa9e2-af39-4ac7-bbd9-cdff78d08f42,,2025-11-28 09:15:00.000,21.021576291271952,false,2025-12-01 10:05:08.174 +0100,754621875,true,true,,21.021576291271952,
ce71e4c1-bf7b-4823-b39b-24776f74f76b,,2025-11-28 09:15:00.000,20.40858851313309,false,2025-12-01 10:05:08.174 +0100,754621037,true,false,,20.40858851313309,49.1049945980764
9177e1ad-77db-4cd8-a5b0-0975c3de8e11,,2025-11-28 09:15:00.000,19.824913352022286,false,2025-12-01 10:05:08.174 +0100,754621313,true,true,,19.824913352022286,
7eaa540d-efe1-4c46-b55f-fa37b8b40bd7,,2025-11-28 09:15:00.000,19.663671753962237,false,2025-12-01 10:05:08.174 +0100,754620897,true,false,,19.663671753962237,65.73623996959479
fd55798a-6b8f-475b-b74a-9f702968037a,,2025-11-28 09:15:00.000,19.54970007402892,false,2025-12-01 10:05:08.174 +0100,754620305,true,false,,19.54970007402892,
383f4618-64de-492f-a8e6-4c024ec079d9,,2025-11-28 09:15:00.000,18.993818656563132,false,2025-12-01 10:05:08.174 +0100,754621353,true,false,,18.993818656563132,
7a3dbda6-acb1-493f-bbf6-9f3dce622c0e,,2025-11-28 09:15:00.000,18.672538830558775,false,2025-12-01 10:05:08.231 +0100,754622337,true,true,,18.672538830558775,
378ad720-5adb-4de4-b9e2-805ea28020fd,,2025-11-28 09:15:00.000,18.667271914984443,false,2025-12-01 10:05:08.231 +0100,754622009,true,true,,18.667271914984443,
c8a5ffc8-2d9d-4893-b1dd-1bc4743bdba5,,2025-11-28 09:15:00.000,18.65499886103419,false,2025-12-01 10:05:08.174 +0100,754620945,true,false,,18.65499886103419,99.47596488816461
a672f6f4-597c-45c7-b3ad-c4e3a2a03aca,,2025-11-28 09:15:00.000,18.327956965133737,false,2025-12-01 10:05:08.174 +0100,754620353,true,true,,18.327956965133737,
1786e606-375c-41cb-9f0b-f6e7c773f674,,2025-11-28 09:15:00.000,18.295330711529207,false,2025-12-01 10:05:08.174 +0100,754621017,true,true,,18.295330711529207,21.003511768150403
2e0d9f9d-e977-43f4-8a52-8677b520b336,,2025-11-28 09:15:00.000,18.16473160437685,false,2025-12-01 10:05:08.174 +0100,754621009,true,true,,18.16473160437685,163.168
6ed80610-faa1-4345-99b4-9ce8c6ddc4ad,,2025-11-28 09:15:00.000,18.16473160437685,false,2025-12-01 10:05:08.174 +0100,754621177,true,false,,18.16473160437685,95.75851729405537
90cc8491-7601-4843-ab20-621c35304e60,,2025-11-28 09:15:00.000,17.705052682143105,false,2025-12-01 10:05:08.174 +0100,754620893,true,false,,17.705052682143105,96.4128978573714
a2a8eecf-0882-46b9-8c08-1c25dd59f333,,2025-11-28 09:15:00.000,17.684852503219243,false,2025-12-01 10:05:08.174 +0100,754620683,true,true,,17.684852503219243,27.57124222821087
c2736ba1-6ecf-440b-88b6-2004605f172c,,2025-11-28 09:15:00.000,17.63168192224848,false,2025-12-01 10:05:08.231 +0100,754622181,true,false,,17.63168192224848,
59e774f2-62a4-4f74-80be-25600d0b6d47,,2025-11-28 09:15:00.000,17.586425863502534,false,2025-12-01 10:05:08.174 +0100,754620869,true,false,,17.586425863502534,93.694125
d7212cc8-7e7a-415d-a72b-8cfdaef622b8,,2025-11-28 09:15:00.000,17.30242789057396,false,2025-12-01 10:05:08.174 +0100,754620885,true,true,,17.30242789057396,34.769831273028586
d2c70319-2384-447a-8853-3e97cb3a4fb3,,2025-11-28 09:15:00.000,17.19009734225688,false,2025-12-01 10:05:08.231 +0100,754622123,true,true,,17.19009734225688,
7f41d2a1-5744-47c7-812a-db85a8d9be50,,2025-11-28 09:15:00.000,17.175264904631252,false,2025-12-01 10:05:08.231 +0100,754622165,true,true,,17.175264904631252,
deddcad8-e4bc-4910-9b8d-3d220613827e,,2025-11-28 09:15:00.000,16.800169796707266,false,2025-12-01 10:05:08.174 +0100,754620371,true,true,,16.800169796707266,
92aaf2d7-1ac3-4fcf-9f32-6b4e1ee1444f,,2025-11-28 09:15:00.000,16.6869222230898,false,2025-12-01 10:05:08.231 +0100,754622329,true,true,,16.6869222230898,
6b2a436e-a121-445a-a1c7-4c3f8f321d6d,,2025-11-28 09:15:00.000,16.099083477501352,false,2025-12-01 10:05:08.174 +0100,754621397,true,false,,16.099083477501352,
6e396ad8-b797-4621-b321-0d10cbbca347,,2025-11-28 09:15:00.000,15.98496381185175,false,2025-12-01 10:05:08.174 +0100,754620741,true,true,,15.98496381185175,91.94134375
6bfbec26-b62f-408d-84b1-f7abf62e8367,,2025-11-28 09:15:00.000,15.880119083789038,false,2025-12-01 10:05:08.174 +0100,754621273,true,true,,15.880119083789038,
5fbf1b4f-9977-4555-966c-d9dab84ac224,,2025-11-28 09:15:00.000,15.603873935197779,false,2025-12-01 10:05:08.174 +0100,754620865,true,false,,15.603873935197779,82.94389515575942
90313416-2e76-40b2-9e58-6add9cfb46af,,2025-11-28 09:15:00.000,15.599900897889121,false,2025-12-01 10:05:08.174 +0100,754621731,true,false,,15.599900897889121,
b27b24ae-e5ee-4b99-8947-7cb172356837,,2025-11-28 09:15:00.000,15.37700136631729,false,2025-12-01 10:05:08.174 +0100,754620925,true,false,,15.37700136631729,85.7269375
e643ee46-6c1f-4c64-abc7-09d1b8d59907,,2025-11-28 09:15:00.000,14.88766573942442,false,2025-12-01 10:05:08.174 +0100,754620661,true,false,,14.88766573942442,83.33678125
cd71555b-dcec-4295-8587-d1140a1fe0f0,,2025-11-28 09:15:00.000,14.724909548758056,false,2025-12-01 10:05:08.231 +0100,754622389,true,false,,14.724909548758056,
01caf32f-58fc-4218-96e4-0931d011f453,,2025-11-28 09:15:00.000,14.28584344350228,false,2025-12-01 10:05:08.174 +0100,754621501,true,true,,14.28584344350228,
dbf77347-7b2d-4543-8728-081cde98bf94,,2025-11-28 09:15:00.000,14.039619818376774,false,2025-12-01 10:05:08.174 +0100,754621513,true,false,,14.039619818376774,
782fbf8c-a55a-4323-9c05-072ae38cd670,,2025-11-28 09:15:00.000,13.634669967530574,false,2025-12-01 10:05:08.174 +0100,754620539,true,true,,13.634669967530574,
6cdbb631-1622-44ad-a8d4-21c9b9534c82,,2025-11-28 09:15:00.000,13.59759908670463,false,2025-12-01 10:05:08.174 +0100,754620993,true,true,,13.59759908670463,67.37889574336825
30391604-c4bc-452a-a198-f05b045e175b,,2025-11-28 09:15:00.000,13.280510013181468,false,2025-12-01 10:05:08.174 +0100,754620297,true,false,,13.280510013181468,
3bcb0b8d-5fc2-4b39-add0-878e5c4f7690,,2025-11-28 09:15:00.000,12.777730301849488,false,2025-12-01 10:05:08.174 +0100,754621409,true,true,,12.777730301849488,39.69703047117642
4a7babbc-059a-48e0-9608-582c8f7a3cb8,,2025-11-28 09:15:00.000,12.686426521686004,false,2025-12-01 10:05:08.231 +0100,754622365,true,false,,12.686426521686004,
9137adbb-927d-4fc1-97fd-8c4833f23b57,,2025-11-28 09:15:00.000,12.50990993863596,false,2025-12-01 10:05:08.174 +0100,754620273,true,false,,12.50990993863596,
db7ff8ce-ba57-4b1f-a1b3-c79afe4ddfb9,,2025-11-28 09:15:00.000,12.379722077359384,false,2025-12-01 10:05:08.174 +0100,754620457,true,false,,12.379722077359384,
abe45113-2fad-43bf-934c-e766a459c5d4,,2025-11-28 09:15:00.000,12.247981901355958,false,2025-12-01 10:05:08.174 +0100,754620253,true,false,,12.247981901355958,
5a552218-0a69-49bc-bf50-173e6e1f8771,,2025-11-28 09:15:00.000,12.242287321712704,false,2025-12-01 10:05:08.174 +0100,754621751,true,false,,12.242287321712704,
f959d554-bd83-49ef-a383-8741600ea2a1,,2025-11-28 09:15:00.000,12.06247787783136,false,2025-12-01 10:05:08.231 +0100,754622205,true,true,,12.06247787783136,
4546929a-7c6d-41c1-ae3f-50a59dca6c28,,2025-11-28 09:15:00.000,11.75519884737348,false,2025-12-01 10:05:08.174 +0100,754621147,true,true,,11.75519884737348,62.5765392007866
d53c19f7-9c1f-4077-9fb4-dc8a499c2293,,2025-11-28 09:15:00.000,11.6380063027476,false,2025-12-01 10:05:08.174 +0100,754621637,true,true,,11.6380063027476,
d3138858-abdd-4372-abf8-1fe8f83968bc,,2025-11-28 09:15:00.000,11.344520369164929,false,2025-12-01 10:05:08.174 +0100,754621807,true,false,,11.344520369164929,
f5d199ca-0a49-4099-b461-344bfc802b24,,2025-11-28 09:15:00.000,11.283640305336748,false,2025-12-01 10:05:08.174 +0100,754620643,true,true,,11.283640305336748,
1920dd0c-cfa7-408f-8cbb-2028ded786ac,,2025-11-28 09:15:00.000,10.74942269317404,false,2025-12-01 10:05:08.174 +0100,754621255,true,true,,10.74942269317404,
e36af0e3-a3e5-4d49-8c2f-692756b852bb,,2025-11-28 09:15:00.000,10.678224774142217,false,2025-12-01 10:05:08.174 +0100,754621443,true,true,,10.678224774142217,
a040eea6-7315-489e-868c-39d8f457b838,,2025-11-28 09:15:00.000,10.3205332217522,false,2025-12-01 10:05:08.174 +0100,754621061,true,false,,10.3205332217522,56.15018082925336
c1a80a67-6b5e-4cf2-869c-c76ff0198020,,2025-11-28 09:15:00.000,9.932777306183043,false,2025-12-01 10:05:08.174 +0100,754621221,true,true,,9.932777306183043,29.55283014402297
3c8de767-5080-495b-a49d-949f430eed7e,,2025-11-28 09:15:00.000,9.443960673307561,false,2025-12-01 10:05:08.231 +0100,754622299,true,true,,9.443960673307561,
a36f327f-7764-4cef-acff-5ca9fa830bbc,,2025-11-28 09:15:00.000,9.2816662603392,false,2025-12-01 10:05:08.231 +0100,754622309,true,true,,9.2816662603392,
14564411-ab1e-448f-92c0-f32cde6f5f57,,2025-11-28 09:15:00.000,9.178750092334043,false,2025-12-01 10:05:08.174 +0100,754621661,true,true,,9.178750092334043,56.487359375000004
7a82c4a9-b3a8-451c-aa11-dd905d9c531c,,2025-11-28 09:15:00.000,9.12513658225974,false,2025-12-01 10:05:08.174 +0100,754621005,true,false,,9.12513658225974,25.003920647571505
6f489dfd-d024-4076-bed3-16fd96238204,,2025-11-28 09:15:00.000,8.91694061670885,false,2025-12-01 10:05:08.231 +0100,754622377,true,false,,8.91694061670885,
89403ab7-1084-4e63-8537-83b567d44c7f,,2025-11-28 09:15:00.000,8.87321420676484,false,2025-12-01 10:05:08.174 +0100,754621157,true,false,,8.87321420676484,48.745868464977804
1677a0ad-3ef9-4fcc-957e-b469e0af3d77,,2025-11-28 09:15:00.000,8.843944950812881,false,2025-12-01 10:05:08.231 +0100,754622057,true,true,,8.843944950812881,
76ce0803-8a9f-4e8d-bcd5-8e95b2591267,,2025-11-28 09:15:00.000,8.822038799775958,false,2025-12-01 10:05:08.174 +0100,754621305,true,true,,8.822038799775958,
a3996f5a-0134-4aa3-8064-b54f1eea8220,,2025-11-28 09:15:00.000,8.799999999988321,false,2025-12-01 10:05:08.174 +0100,754621245,true,true,,8.799999999988321,8.19999999999468
cc3d90b1-0028-4b1c-99ef-c60ba10c8d14,,2025-11-28 09:15:00.000,8.7287467484394,false,2025-12-01 10:05:08.231 +0100,754622267,true,true,,8.7287467484394,
9b6196f4-4224-4051-86f1-3e3f115851da,,2025-11-28 09:15:00.000,8.603765887901195,false,2025-12-01 10:05:08.174 +0100,754621759,true,false,,8.603765887901195,
9ad67c2d-6deb-4dd9-bb56-53ed811b6d1b,,2025-11-28 09:15:00.000,8.459575004324096,false,2025-12-01 10:05:08.174 +0100,754620877,true,false,,8.459575004324096,
cfd9b277-3a4d-4da2-8898-792eaacac283,,2025-11-28 09:15:00.000,8.40360644890308,false,2025-12-01 10:05:08.231 +0100,754622223,true,true,,8.40360644890308,
2b2ecd33-615c-4b4e-bae4-8d060c4a0d88,,2025-11-28 09:15:00.000,8.30319143980176,false,2025-12-01 10:05:08.231 +0100,754622261,true,true,,8.30319143980176,
e4bf5e96-faf4-46b9-9945-aa56a5a68586,,2025-11-28 09:15:00.000,7.99232829247868,false,2025-12-01 10:05:08.174 +0100,754620607,true,true,,7.99232829247868,13.633111172825746
21e0dff7-2fd3-482f-a638-63111608bfb2,,2025-11-28 09:15:00.000,7.96956517655723,false,2025-12-01 10:05:08.174 +0100,754621181,true,true,,7.96956517655723,44.317480468750006
e085e3d5-a4ac-4424-b9cc-3a1eb5eccf88,,2025-11-28 09:15:00.000,7.636135192515874,false,2025-12-01 10:05:08.174 +0100,754621415,true,false,,7.636135192515874,40.84179492187501
964004ac-d2a8-4de7-a005-f1d3f49ce990,,2025-11-28 09:15:00.000,7.604217513945001,false,2025-12-01 10:05:08.174 +0100,754621783,true,true,,7.604217513945001,
3727ea9c-58e9-4e08-af70-85ba66dfb880,,2025-11-28 09:15:00.000,7.597810067604688,false,2025-12-01 10:05:08.174 +0100,754621719,true,false,,7.597810067604688,
4b3c90a5-6b93-48b0-b6c5-61fe9fcfb9ce,,2025-11-28 09:15:00.000,7.402313664197819,false,2025-12-01 10:05:08.174 +0100,754621757,true,false,,7.402313664197819,
f6b9ba2d-9e83-4c9b-8db2-d1abb811097b,,2025-11-28 09:15:00.000,7.263757174384826,false,2025-12-01 10:05:08.174 +0100,754620301,true,true,,7.263757174384826,
87e831c8-38af-43f0-9abe-e19d82ca7833,,2025-11-28 09:15:00.000,7.005625372691066,false,2025-12-01 10:05:08.174 +0100,754621925,true,false,,7.005625372691066,
024c671a-a390-4ad7-98fb-f95945bde021,,2025-11-28 09:15:00.000,6.911943277223312,false,2025-12-01 10:05:08.174 +0100,754620721,true,true,,6.911943277223312,37.31448689122136
33e48cb8-f72e-4489-ae23-59beb4967895,,2025-11-28 09:15:00.000,6.898890921580628,false,2025-12-01 10:05:08.174 +0100,754620809,true,false,,6.898890921580628,36.86816015625
bf2ad701-4c8e-4825-ba07-959033ee5b40,,2025-11-28 09:15:00.000,6.85947731675596,false,2025-12-01 10:05:08.174 +0100,754621799,true,false,,6.85947731675596,
82706261-981a-48f7-82bf-c4060d8c8232,,2025-11-28 09:15:00.000,6.778426971960333,false,2025-12-01 10:05:08.231 +0100,754622345,true,false,,6.778426971960333,
c9c19430-7b54-4418-961b-60e2b337e7a3,,2025-11-28 09:15:00.000,6.7098294293718865,false,2025-12-01 10:05:08.174 +0100,754620881,true,false,,6.7098294293718865,35.384601480828806
14ad08f9-0842-4cf1-b330-859792a5b2cf,,2025-11-28 09:15:00.000,6.61045690322928,false,2025-12-01 10:05:08.174 +0100,754621197,true,true,,6.61045690322928,
602dc845-8e80-4cb4-9056-1f2edfca5bb7,,2025-11-28 09:15:00.000,6.557838817988271,false,2025-12-01 10:05:08.174 +0100,754621165,true,false,,6.557838817988271,34.816609375
7337c26e-3dd2-4667-9f22-f31b17aa5e99,,2025-11-28 09:15:00.000,6.55089114057228,false,2025-12-01 10:05:08.174 +0100,754621485,true,true,,6.55089114057228,
b9e32127-8df2-4a0b-bcf5-a115dafbc3cb,,2025-11-28 09:15:00.000,6.377377571019659,false,2025-12-01 10:05:08.174 +0100,754621775,true,false,,6.377377571019659,
ef4e780a-6145-41b5-aed0-8ed37e1a56fa,,2025-11-28 09:15:00.000,6.269190060847555,false,2025-12-01 10:05:08.174 +0100,754620285,true,false,,6.269190060847555,
71497969-1061-43ca-8f6f-d4af39ad5ea9,,2025-11-28 09:15:00.000,5.795508696956506,false,2025-12-01 10:05:08.174 +0100,754621309,true,false,,5.795508696956506,
add70c5e-1445-40e2-a511-c300f4b4961d,,2025-11-28 09:15:00.000,5.656126748996795,false,2025-12-01 10:05:08.174 +0100,754621779,true,true,,5.656126748996795,
ca75e146-0d62-4c13-a248-3cacc25250f4,,2025-11-28 09:15:00.000,5.563688349078327,false,2025-12-01 10:05:08.231 +0100,754622033,true,false,,5.563688349078327,
38ca9a32-3fdd-472e-bcb7-6aa46b1d588c,,2025-11-28 09:15:00.000,5.5090862235979206,false,2025-12-01 10:05:08.174 +0100,754620691,true,true,,5.5090862235979206,27.98381857768974
c0ea6d14-7b22-462d-a94f-29e1f0e297e2,,2025-11-28 09:15:00.000,5.4632812500000005,true,2025-12-01 10:05:08.174 +0100,754620389,false,true,,0.0,5.4632812500000005
e61d2f1b-9264-420b-9724-c09d26290374,,2025-11-28 09:15:00.000,5.22417708330192,false,2025-12-01 10:05:08.174 +0100,754621909,true,true,,5.22417708330192,
cac58cc3-adce-4b91-92c5-eb1de7829bb7,,2025-11-28 09:15:00.000,5.20105768913952,false,2025-12-01 10:05:08.174 +0100,754620589,true,true,,5.20105768913952,
5ab4bbab-5e8d-4c45-8d9a-0c5a588946e5,,2025-11-28 09:15:00.000,4.839974110040734,false,2025-12-01 10:05:08.174 +0100,754621763,true,false,,4.839974110040734,
e8688c50-0dfb-4c8a-b9f4-d4a179693310,,2025-11-28 09:15:00.000,4.656102631652548,false,2025-12-01 10:05:08.174 +0100,754621069,true,false,,4.656102631652548,24.59869140625
418ef6d0-6a94-4e86-80ce-fd6c5c78e07d,,2025-11-28 09:15:00.000,4.57864306640625,false,2025-12-01 10:05:08.174 +0100,754620601,true,true,,4.57864306640625,
e1e5c828-053b-4c75-b55c-2e508ebfe8de,,2025-11-28 09:15:00.000,4.54767754564508,false,2025-12-01 10:05:08.174 +0100,754621605,true,false,,4.54767754564508,
87510098-9cc9-4672-aa58-f71b63093a8e,,2025-11-28 09:15:00.000,4.504583578281527,false,2025-12-01 10:05:08.174 +0100,754621357,true,true,,4.504583578281527,
087e72da-801e-40b8-aba1-b9d03eb70ef4,,2025-11-28 09:15:00.000,4.41357546846924,false,2025-12-01 10:05:08.174 +0100,754620735,true,true,,4.41357546846924,5.629806937091898
dc36eff7-0213-403a-8eb8-bc931a62bfb5,,2025-11-28 09:15:00.000,3.970291336385236,false,2025-12-01 10:05:08.174 +0100,754621425,true,false,,3.970291336385236,23.48328515625
d49c95f1-db7d-4f4e-8263-7a2444456499,,2025-11-28 09:15:00.000,3.9089885070276003,false,2025-12-01 10:05:08.231 +0100,754622319,true,true,,3.9089885070276003,
fe02a6c0-3c66-4df9-abc0-ae751015c164,,2025-11-28 09:15:00.000,3.7454967937789196,false,2025-12-01 10:05:08.174 +0100,754621277,true,true,,3.7454967937789196,
6217ae11-0543-4b9d-ba62-8330c38b4a6a,,2025-11-28 09:15:00.000,3.5999999999912524,false,2025-12-01 10:05:08.174 +0100,754620377,true,true,,3.5999999999912524,3.021458139532566
778f9e45-bedf-4217-bb27-046bfb6d6827,,2025-11-28 09:15:00.000,3.5999999999476198,false,2025-12-01 10:05:08.174 +0100,754620715,true,true,,3.5999999999476198,3.60000000000288
0f109ff1-2ab3-4ef3-bf3c-5c2fc4f8d97b,,2025-11-28 09:15:00.000,3.5398242863432574,false,2025-12-01 10:05:08.174 +0100,754620245,true,false,,3.5398242863432574,
90cb75da-d8a6-4e54-a8bd-f9e14c4d8a61,,2025-11-28 09:15:00.000,3.5064187278822003,false,2025-12-01 10:05:08.174 +0100,754621665,true,true,,3.5064187278822003,
0a3e5f1e-fd10-4213-989f-86631d1ee14c,,2025-11-28 09:15:00.000,3.4712469997405924,false,2025-12-01 10:05:08.174 +0100,754620341,true,true,,3.4712469997405924,8.486718750000001
a14b7791-a210-4dd0-b216-612cdfb4fc77,,2025-11-28 09:15:00.000,3.32135526668652,false,2025-12-01 10:05:08.231 +0100,754622103,true,true,,3.32135526668652,
6162c81a-e09c-47df-a751-139716f770ce,,2025-11-28 09:15:00.000,3.293726407876224,false,2025-12-01 10:05:08.231 +0100,754622357,true,true,,3.293726407876224,
3c8add91-2d66-4e26-8c1d-a2389fd1ffc3,,2025-11-28 09:15:00.000,3.2570178583885334,false,2025-12-01 10:05:08.174 +0100,754620331,true,false,,3.2570178583885334,
8965ed47-20a7-4f36-818b-2f5fb435338a,,2025-11-28 09:15:00.000,3.216115200805668,false,2025-12-01 10:05:08.174 +0100,754621497,true,false,,3.216115200805668,
31245a99-fdf0-48a6-9868-93be5d7d2a12,,2025-11-28 09:15:00.000,3.210338279467363,false,2025-12-01 10:05:08.174 +0100,754620989,true,true,,3.210338279467363,28.13588364021963
643eef45-387e-4aeb-ba52-56190e1277bd,,2025-11-28 09:15:00.000,3.087967500062197,false,2025-12-01 10:05:08.174 +0100,754620433,true,true,,3.087967500062197,17.68836348868064
3c9f562a-ba6b-46f6-abff-944d57a09eda,,2025-11-28 09:15:00.000,3.02037077270682,false,2025-12-01 10:05:08.174 +0100,754621629,true,true,,3.02037077270682,
26a073cb-dd7e-4ad8-b86c-1fc1bcc361f9,,2025-11-28 09:15:00.000,2.9557094354477207,false,2025-12-01 10:05:08.174 +0100,754621633,true,true,,2.9557094354477207,
421a44ea-412d-409c-8382-0c7616632175,,2025-11-28 09:15:00.000,2.9554757139400203,false,2025-12-01 10:05:08.174 +0100,754621321,true,true,,2.9554757139400203,
1dc066a4-5e9d-4aa4-ab26-c987c50a7cd7,,2025-11-28 09:15:00.000,2.925835054226208,false,2025-12-01 10:05:08.231 +0100,754622113,true,true,,2.925835054226208,
7030843c-1c73-44b8-9093-f67f8d206feb,,2025-11-28 09:15:00.000,2.842347382308756,false,2025-12-01 10:05:08.174 +0100,754621655,true,true,,2.842347382308756,
33f47f25-fbbe-4804-9e0a-fa36eb011772,,2025-11-28 09:15:00.000,2.60235275790384,false,2025-12-01 10:05:08.174 +0100,754621219,true,false,,2.60235275790384,
263e9f3f-2c6f-471c-ac95-b7b0e9c4aa92,,2025-11-28 09:15:00.000,2.5166101727457724,false,2025-12-01 10:05:08.174 +0100,754621193,true,true,,2.5166101727457724,
ceced24b-6ecc-4669-8d98-8bf2a16f7c00,,2025-11-28 09:15:00.000,2.481782473591812,false,2025-12-01 10:05:08.174 +0100,754621831,true,true,,2.481782473591812,
f6c7f2f9-e2ae-456c-9ae1-98c447f548c9,,2025-11-28 09:15:00.000,2.4797588080076283,false,2025-12-01 10:05:08.174 +0100,754621647,true,true,,2.4797588080076283,
3c870a01-ca38-4db0-ab31-d651d67606a6,,2025-11-28 09:15:00.000,2.46527914565574,false,2025-12-01 10:05:08.231 +0100,754622199,true,true,,2.46527914565574,
d1629e4a-1e6c-442c-a9a6-776da3609cd2,,2025-11-28 09:15:00.000,2.400000000008724,false,2025-12-01 10:05:08.174 +0100,754620513,true,false,,2.400000000008724,2.400000000000012
194272e5-bf25-4ef8-8727-c01e36105992,,2025-11-28 09:15:00.000,2.400000000008724,false,2025-12-01 10:05:08.174 +0100,754620725,true,true,,2.400000000008724,2.400000000004368
1aef2dc6-fbb6-4bb4-917f-60cb03619b4d,,2025-11-28 09:15:00.000,2.292132031911036,false,2025-12-01 10:05:08.231 +0100,754622037,true,false,,2.292132031911036,
dfc5c288-e612-4f40-9f6d-494e5e9d3d28,,2025-11-28 09:15:00.000,2.24575962007055,false,2025-12-01 10:05:08.174 +0100,754621791,true,true,,2.24575962007055,
f73a88b4-89ee-4fa0-acf5-8f0761e324b0,,2025-11-28 09:15:00.000,2.0997578557276513,true,2025-12-01 10:05:08.174 +0100,754621205,false,true,,0.0,2.0997578557276513
ac7db33a-48c4-4ffb-8850-46769628f336,,2025-11-28 09:15:00.000,2.0622418081501683,false,2025-12-01 10:05:08.174 +0100,754621517,true,false,,2.0622418081501683,
77b991e3-07ba-4440-9e6a-1972baaf4038,,2025-11-28 09:15:00.000,2.042857142857156,true,2025-12-01 10:05:08.174 +0100,754620703,false,true,,0.0,2.042857142857156
ffbf1c91-bdb9-41b8-a593-979f48fd4446,,2025-11-28 09:15:00.000,1.9717211723385961,false,2025-12-01 10:05:08.174 +0100,754621325,true,true,,1.9717211723385961,
57c460e2-cc7b-451b-9cbd-ba513a5814b0,,2025-11-28 09:15:00.000,1.8881421781831083,false,2025-12-01 10:05:08.174 +0100,754621013,true,true,,1.8881421781831083,6.31648583984375
0f35b463-a817-4558-ab3a-3883f8e77e85,,2025-11-28 09:15:00.000,1.8834375373160759,false,2025-12-01 10:05:08.174 +0100,754621269,true,true,,1.8834375373160759,
a8f7f2f4-f9a9-448c-9927-c4de9cac30c8,,2025-11-28 09:15:00.000,1.85395638162708,false,2025-12-01 10:05:08.231 +0100,754622353,true,false,,1.85395638162708,
5bd270de-4bd6-4996-aaf3-de6655f15b9f,,2025-11-28 09:15:00.000,1.786954045508748,false,2025-12-01 10:05:08.174 +0100,754621393,true,true,,1.786954045508748,
19f6e095-80e8-426a-b6a3-d80979016810,,2025-11-28 09:15:00.000,1.756041612304032,false,2025-12-01 10:05:08.231 +0100,754622093,true,true,,1.756041612304032,
edb4a365-04eb-47b0-8a68-d47ca68445cf,,2025-11-28 09:15:00.000,1.744854167103804,false,2025-12-01 10:05:08.231 +0100,754622369,true,true,,1.744854167103804,
bc03766e-3968-4b92-9f29-d4f5518a8173,,2025-11-28 09:15:00.000,1.729332004497768,false,2025-12-01 10:05:08.174 +0100,754620289,true,true,,1.729332004497768,
6aee697b-2b46-4a0a-bf3f-7163629599c4,,2025-11-28 09:15:00.000,1.7166799316406252,false,2025-12-01 10:05:08.174 +0100,754621461,true,false,,1.7166799316406252,
38685c16-8801-42ea-9eec-a7a07495018e,,2025-11-28 09:15:00.000,1.67251957019046,false,2025-12-01 10:05:08.174 +0100,754620461,true,true,,1.67251957019046,7.876049452912081
61bb0ec6-5c21-4904-a933-05070dbdb078,,2025-11-28 09:15:00.000,1.577369478257712,false,2025-12-01 10:05:08.231 +0100,754622323,true,true,,1.577369478257712,
9a5f258e-e35e-4a55-b7cb-42f560325f20,,2025-11-28 09:15:00.000,1.54909551266946,false,2025-12-01 10:05:08.174 +0100,754621675,true,true,,1.54909551266946,
a211c901-b362-4384-acb3-f938df6c6303,,2025-11-28 09:15:00.000,1.4889422225952,false,2025-12-01 10:05:08.174 +0100,754620973,true,true,,1.4889422225952,6.828059038247821
ae1b2478-bd57-4e1a-aef6-c2cc3b5367d9,,2025-11-28 09:15:00.000,1.4496644295178922,false,2025-12-01 10:05:08.174 +0100,754620445,true,true,,1.4496644295178922,1.4599957333246922
7c86215d-e711-4c0e-8579-306d1321dc77,,2025-11-28 09:15:00.000,1.322722442958912,false,2025-12-01 10:05:08.174 +0100,754621285,true,true,,1.322722442958912,
a9ebf45a-63db-42df-840d-b2a851aa8d0b,,2025-11-28 09:15:00.000,1.3143971096330131,false,2025-12-01 10:05:08.174 +0100,754621481,true,true,,1.3143971096330131,1.9208391113281251
413eb3e5-1d2f-4439-9821-3d30cf83ac1d,,2025-11-28 09:15:00.000,1.308361572265625,true,2025-12-01 10:05:08.174 +0100,754621451,false,true,,0.0,1.308361572265625
d480cf65-fdc6-4246-9f0f-0f40133ac05f,,2025-11-28 09:15:00.000,1.256167133139096,false,2025-12-01 10:05:08.231 +0100,754622273,true,true,,1.256167133139096,
644e025d-a446-49d2-a44d-cb5f29757839,,2025-11-28 09:15:00.000,1.20911201251668,false,2025-12-01 10:05:08.231 +0100,754621997,true,true,,1.20911201251668,
c959db80-c0de-461b-8306-6da252ae2e7d,,2025-11-28 09:15:00.000,1.199999999982528,false,2025-12-01 10:05:08.174 +0100,754620567,true,true,,1.199999999982528,1.1999999999912578
af64f998-134c-46a5-b578-aa9d699ef5f5,,2025-11-28 09:15:00.000,1.143060924477816,false,2025-12-01 10:05:08.174 +0100,754621545,true,false,,1.143060924477816,
2a645897-a3bf-4a19-ad06-a616ca098318,,2025-11-28 09:15:00.000,1.133414644558716,false,2025-12-01 10:05:08.174 +0100,754621293,true,true,,1.133414644558716,
36c31055-b5be-477d-a714-6eafe31a38d8,,2025-11-28 09:15:00.000,1.124300254390056,false,2025-12-01 10:05:08.174 +0100,754620249,true,true,,1.124300254390056,
7a0a2295-2faa-4f4c-9859-068ce4999381,,2025-11-28 09:15:00.000,1.1108997871664041,false,2025-12-01 10:05:08.174 +0100,754621581,true,false,,1.1108997871664041,
ecb4fc67-65b7-43dd-a87d-6d0f3e7b21d6,,2025-11-28 09:15:00.000,1.08767288924334,false,2025-12-01 10:05:08.174 +0100,754620681,true,true,,1.08767288924334,4.899486933285301
1c7b951d-5fcd-4c67-b6ab-d453a35532cc,,2025-11-28 09:15:00.000,1.0465775125435801,false,2025-12-01 10:05:08.174 +0100,754621839,true,true,,1.0465775125435801,
f956737f-31b2-46cc-853d-86bdbd275fd6,,2025-11-28 09:15:00.000,1.0345170760676639,false,2025-12-01 10:05:08.231 +0100,754622005,true,false,,1.0345170760676639,
725b9c69-b63f-4618-a5ee-7f14e62766f0,,2025-11-28 09:15:00.000,1.015756405979904,false,2025-12-01 10:05:08.174 +0100,754621289,true,true,,1.015756405979904,
2737f94d-5205-4fff-b73d-c6f07a06ba31,,2025-11-28 09:15:00.000,0.9902955022803719,false,2025-12-01 10:05:08.174 +0100,754621389,true,true,,0.9902955022803719,
8ef6ed30-2207-4b70-ab2b-4478f2edd98b,,2025-11-28 09:15:00.000,0.97846025448762,false,2025-12-01 10:05:08.174 +0100,754621679,true,true,,0.97846025448762,
81d4194f-f214-4a7c-9dd1-b4ad21a04273,,2025-11-28 09:15:00.000,0.9709953583777919,false,2025-12-01 10:05:08.174 +0100,754620573,true,true,,0.9709953583777919,4.46000000000112
3ef59ba4-2385-45aa-80cd-4621fb73c3b0,,2025-11-28 09:15:00.000,0.966442953019248,false,2025-12-01 10:05:08.174 +0100,754620435,true,true,,0.966442953019248,0.7903050333340861
49a2b82f-f8b2-4b05-87f6-b781798f9aa9,,2025-11-28 09:15:00.000,0.9367453559671561,false,2025-12-01 10:05:08.231 +0100,754622001,true,true,,0.9367453559671561,
ac501664-0427-4719-bccc-19fa5603b33f,,2025-11-28 09:15:00.000,0.91197711133848,false,2025-12-01 10:05:08.174 +0100,754621077,true,true,,0.91197711133848,4.6316003333463005
401d640e-bced-4593-8368-3dde17adc239,,2025-11-28 09:15:00.000,0.845919768131064,false,2025-12-01 10:05:08.174 +0100,754621475,true,true,,0.845919768131064,
3a063bf6-95ae-43bd-8053-b68abdaa73c9,,2025-11-28 09:15:00.000,0.840880117015704,false,2025-12-01 10:05:08.174 +0100,754621795,true,true,,0.840880117015704,
32a72a4d-aef6-4fa6-bda9-6804845d6154,,2025-11-28 09:15:00.000,0.834849938714292,false,2025-12-01 10:05:08.231 +0100,754622373,true,false,,0.834849938714292,
e66f38dc-b571-49aa-b8fc-aa5f5a631f99,,2025-11-28 09:15:00.000,0.756342314444988,false,2025-12-01 10:05:08.174 +0100,754621439,true,true,,0.756342314444988,
2d5fb91e-76f8-4f28-a673-0cdb9f46a75e,,2025-11-28 09:15:00.000,0.7297338193689961,false,2025-12-01 10:05:08.174 +0100,754620473,true,true,,0.7297338193689961,
a98568ed-ae32-438d-b277-b8298a28962c,,2025-11-28 09:15:00.000,0.690794756313768,false,2025-12-01 10:05:08.174 +0100,754621743,true,false,,0.690794756313768,
b6ee5036-1bb4-4e78-91ea-0a518e45077c,,2025-11-28 09:15:00.000,0.6681947989060559,false,2025-12-01 10:05:08.231 +0100,754622229,true,true,,0.6681947989060559,
670f7a95-7c56-4af2-97dd-a48fc6545831,,2025-11-28 09:15:00.000,0.642384559262736,false,2025-12-01 10:05:08.174 +0100,754621685,true,true,,0.642384559262736,3.9999999999999605
6230d702-ead0-44e2-8c03-6baa21f05c71,,2025-11-28 09:15:00.000,0.625132411006644,false,2025-12-01 10:05:08.174 +0100,754621739,true,false,,0.625132411006644,
27eb048b-3087-4799-a374-02c94fb3fa1e,,2025-11-28 09:15:00.000,0.6143239218773824,false,2025-12-01 10:05:08.174 +0100,754620235,true,false,,0.6143239218773824,
4842c9e7-1981-4a3e-9a7b-240bc97b59b6,,2025-11-28 09:15:00.000,0.54660557933694,false,2025-12-01 10:05:08.174 +0100,754620261,true,true,,0.54660557933694,
19b2d80d-f46b-49a3-994f-035687d2e2c9,,2025-11-28 09:15:00.000,0.5060176637197321,false,2025-12-01 10:05:08.174 +0100,754621455,true,true,,0.5060176637197321,
fa228265-aedb-4b29-b046-f88b216ff267,,2025-11-28 09:15:00.000,0.497147578750512,false,2025-12-01 10:05:08.231 +0100,754622281,true,true,,0.497147578750512,
47322bc2-e715-483a-9c83-73473a66c5d6,,2025-11-28 09:15:00.000,0.48779347689350433,false,2025-12-01 10:05:08.174 +0100,754621707,true,true,,0.48779347689350433,
5c2f5c4f-6194-4e90-87a2-097e06d49b30,,2025-11-28 09:15:00.000,0.479737197858348,false,2025-12-01 10:05:08.174 +0100,754621329,true,true,,0.479737197858348,
f2bdc262-6fee-4cf4-b8a8-ae70af252170,,2025-11-28 09:15:00.000,0.456286340280384,false,2025-12-01 10:05:08.174 +0100,754621579,true,false,,0.456286340280384,
255fc344-ddbc-4fa8-a482-fe23276960af,,2025-11-28 09:15:00.000,0.44690600523654,false,2025-12-01 10:05:08.174 +0100,754620281,true,true,,0.44690600523654,
f407cc7c-94c9-441e-90ae-612552ab8caf,,2025-11-28 09:15:00.000,0.3954999598044764,false,2025-12-01 10:05:08.174 +0100,754621337,true,true,,0.3954999598044764,1.7166799316406252
17649a13-961e-478c-9ce0-2fe1d4b678e5,,2025-11-28 09:15:00.000,0.38712496367509197,false,2025-12-01 10:05:08.174 +0100,754621771,true,true,,0.38712496367509197,
8029d193-1fb3-4118-9e66-8000a4694139,,2025-11-28 09:15:00.000,0.3095057776235076,false,2025-12-01 10:05:08.174 +0100,754620447,true,true,,0.3095057776235076,
655ce22c-4374-4b5f-a604-8397c3cab030,,2025-11-28 09:15:00.000,0.26056488895443,false,2025-12-01 10:05:08.174 +0100,754621033,true,true,,0.26056488895443,
c395d02b-ecc5-414b-ab67-f97e4100f8fa,,2025-11-28 09:15:00.000,0.25772301679713117,false,2025-12-01 10:05:08.231 +0100,754622193,true,true,,0.25772301679713117,
90575436-3df4-416d-919f-e05f78c4f898,,2025-11-28 09:15:00.000,0.2519290154368188,false,2025-12-01 10:05:08.174 +0100,754621867,true,true,,0.2519290154368188,
dc2f2ab3-067c-4ce0-97dd-1d5c15545ba5,,2025-11-28 09:15:00.000,0.2432187157350924,false,2025-12-01 10:05:08.174 +0100,754621201,true,true,,0.2432187157350924,
8f37ff56-5a48-492b-ac01-339ea7b1ff9b,,2025-11-28 09:15:00.000,0.2381645987821908,false,2025-12-01 10:05:08.174 +0100,754620953,true,true,,0.2381645987821908,
92f227f5-63b8-4aa6-bd87-046fde4a5848,,2025-11-28 09:15:00.000,0.23654811607244283,false,2025-12-01 10:05:08.231 +0100,754622341,true,true,,0.23654811607244283,
82b25608-5b41-4fb6-b300-b4706d6aed00,,2025-11-28 09:15:00.000,0.2348806290470496,false,2025-12-01 10:05:08.174 +0100,754621787,true,true,,0.2348806290470496,
b554d379-5231-449a-86ed-26ad92fa3dc3,,2025-11-28 09:15:00.000,0.23354198473282825,false,2025-12-01 10:05:08.231 +0100,754622049,true,true,,0.23354198473282825,
63455b95-bf29-4296-834b-677c628f8736,,2025-11-28 09:15:00.000,0.2036872895014332,false,2025-12-01 10:05:08.174 +0100,754620317,true,true,,0.2036872895014332,
d8f64db4-2580-46d2-bed3-07c72b454c2d,,2025-11-28 09:15:00.000,0.20000000000072882,false,2025-12-01 10:05:08.174 +0100,754620491,true,true,,0.20000000000072882,0.2055568888879812
e358afdd-a074-4433-8700-640bfd9294ea,,2025-11-28 09:15:00.000,0.1943069544575604,false,2025-12-01 10:05:08.174 +0100,754620241,true,true,,0.1943069544575604,
475c422f-1e0f-4b52-8614-8b1ac6d8e30d,,2025-11-28 09:15:00.000,0.1902868222777668,false,2025-12-01 10:05:08.174 +0100,754621715,true,true,,0.1902868222777668,
2f744b0c-760c-440c-aafd-5ea2a8d0703b,,2025-11-28 09:15:00.000,0.182023183961082,false,2025-12-01 10:05:08.231 +0100,754622161,true,true,,0.182023183961082,
9159d86b-60b0-463e-b105-e89ed342957f,,2025-11-28 09:15:00.000,0.17612338901765762,false,2025-12-01 10:05:08.174 +0100,754620561,true,true,,0.17612338901765762,
71e84b9b-e70a-4c58-a19c-413fb16d28ea,,2025-11-28 09:15:00.000,0.1701861014740032,false,2025-12-01 10:05:08.174 +0100,754621723,true,true,,0.1701861014740032,
b3dffafa-c268-47e0-92c2-55f756d9012f,,2025-11-28 09:15:00.000,0.1673981962265603,false,2025-12-01 10:05:08.174 +0100,754621301,true,true,,0.1673981962265603,1.4131277945571954
e80fa383-501c-4727-9974-a8ec9fc47610,,2025-11-28 09:15:00.000,0.1609341070451796,false,2025-12-01 10:05:08.174 +0100,754621341,true,true,,0.1609341070451796,
e2aab6e1-2393-44a9-b391-7afb9a9bde98,,2025-11-28 09:15:00.000,0.158795690356098,false,2025-12-01 10:05:08.174 +0100,754621803,true,true,,0.158795690356098,
4e902465-339d-4446-a4e2-351843b1c507,,2025-11-28 09:15:00.000,0.1427151117162564,false,2025-12-01 10:05:08.174 +0100,754621735,true,true,,0.1427151117162564,
9f5b127e-3779-4372-8432-4c1478d60ba5,,2025-11-28 09:15:00.000,0.1172541980325492,false,2025-12-01 10:05:08.174 +0100,754620277,true,true,,0.1172541980325492,
8b269b5b-4a76-4a23-a158-8a97d2144691,,2025-11-28 09:15:00.000,0.115914147316524,false,2025-12-01 10:05:08.174 +0100,754621227,true,true,,0.115914147316524,
00e7aa48-7029-4910-b91c-7d45c39777d7,,2025-11-28 09:15:00.000,0.1139040812266308,false,2025-12-01 10:05:08.231 +0100,754622349,true,true,,0.1139040812266308,
962b51ed-5b06-406b-a5c4-e90923d0d089,,2025-11-28 09:15:00.000,0.10627662564718561,false,2025-12-01 10:05:08.174 +0100,754621369,true,true,,0.10627662564718561,
bb633baa-6893-46c2-84b9-2ca74c42979a,,2025-11-28 09:15:00.000,0.10452374618275799,false,2025-12-01 10:05:08.174 +0100,754621565,true,true,,0.10452374618275799,
23170895-5584-4587-b9b1-90564873054c,,2025-11-28 09:15:00.000,0.0950094032238,false,2025-12-01 10:05:08.174 +0100,754620257,true,true,,0.0950094032238,
243a0189-42b0-45f1-a78d-d2acaec749f5,,2025-11-28 09:15:00.000,0.08265164447368081,false,2025-12-01 10:05:08.174 +0100,754621053,true,true,,0.08265164447368081,
176941dd-1983-4d55-8311-9a1063e1377d,,2025-11-28 09:15:00.000,0.08202853647061921,false,2025-12-01 10:05:08.174 +0100,754620781,true,true,,0.08202853647061921,0.14104155727124282
89b5b0d8-3ac9-4493-9460-3b9f7ba472c4,,2025-11-28 09:15:00.000,0.0757987175774016,false,2025-12-01 10:05:08.174 +0100,754621819,true,true,,0.0757987175774016,
629435ef-cbe0-4468-bfea-dfd6e8391848,,2025-11-28 09:15:00.000,0.0748630167784632,false,2025-12-01 10:05:08.174 +0100,754621065,true,true,,0.0748630167784632,
6b886ba3-0d0c-4daf-8989-7f16fe0016f8,,2025-11-28 09:15:00.000,0.07437266497710719,false,2025-12-01 10:05:08.174 +0100,754621593,true,true,,0.07437266497710719,
8a795492-d115-4ef0-9462-fca1481f9296,,2025-11-28 09:15:00.000,0.0368257465741104,false,2025-12-01 10:05:08.231 +0100,754622277,true,false,,0.0368257465741104,
711bfe7a-4baa-45d0-a63d-b9d1358b77ab,,2025-11-28 09:15:00.000,0.0368257465741104,false,2025-12-01 10:05:08.231 +0100,754622291,true,false,,0.0368257465741104,
98887283-8d38-4990-8107-3ed6d6736e9f,,2025-11-28 09:15:00.000,0.031491126929602445,false,2025-12-01 10:05:08.174 +0100,754621703,true,true,,0.031491126929602445,
32b9033a-e881-484b-91bf-35240aa4cd19,,2025-11-28 09:15:00.000,0.029685733318328758,true,2025-12-01 10:05:08.174 +0100,754621097,false,true,,0.0,0.029685733318328758
fe3ca3dc-1b4e-4b27-9cd4-baec675c9c73,,2025-11-28 09:15:00.000,0.0286422473354184,false,2025-12-01 10:05:08.231 +0100,754622247,true,true,,0.0286422473354184,
e6c881e5-924d-47f0-9b5a-eac8dc8f2b91,,2025-11-28 09:15:00.000,0.022110791885729283,false,2025-12-01 10:05:08.174 +0100,754621385,true,true,,0.022110791885729283,
0ca487a5-afbd-4c9d-aeab-1c5d6206ebb7,,2025-11-28 09:15:00.000,0.02077740458131752,false,2025-12-01 10:05:08.174 +0100,754621489,true,false,,0.02077740458131752,
3c6bcbd6-0b55-477d-b2f9-22472535bc3b,,2025-11-28 09:15:00.000,0.01874025840854628,false,2025-12-01 10:05:08.174 +0100,754621689,true,true,,0.01874025840854628,
08a94d2d-258c-46be-846f-40c9cd260e69,,2025-11-28 09:15:00.000,0.012730455593839441,false,2025-12-01 10:05:08.174 +0100,754621553,true,true,,0.012730455593839441,
170487a5-4360-4ce6-9f6c-29b5199e71aa,,2025-11-28 09:15:00.000,0.0123101068744224,false,2025-12-01 10:05:08.231 +0100,754622025,true,true,,0.0123101068744224,
e84dcd73-5227-4d56-bcf1-b7494db1dbac,,2025-11-28 09:15:00.000,0.01227524885803692,false,2025-12-01 10:05:08.174 +0100,754621973,true,true,,0.01227524885803692,
2c8906c0-9710-4900-92f1-e56500ba7d6b,,2025-11-28 09:15:00.000,0.01099236641221368,false,2025-12-01 10:05:08.174 +0100,754621957,true,true,,0.01099236641221368,
17d85148-4a00-4bb5-91b3-96ab65b76e6e,,2025-11-28 09:15:00.000,0.01072038451187628,false,2025-12-01 10:05:08.174 +0100,754621767,true,true,,0.01072038451187628,
10e5a28e-3e54-433c-8835-869e8de6a4ec,,2025-11-28 09:15:00.000,0.007592116753619202,false,2025-12-01 10:05:08.174 +0100,754621249,true,true,,0.007592116753619202,
735d535f-05da-4426-be15-d420fa3b6330,,2025-11-28 09:15:00.000,0.00469016814594492,false,2025-12-01 10:05:08.231 +0100,754622189,true,true,,0.00469016814594492,
2b2f5675-83b2-447a-ad02-be8b23d612e3,,2025-11-28 09:15:00.000,0.0037285698395530804,false,2025-12-01 10:05:08.174 +0100,754620789,true,true,,0.0037285698395530804,0.01904231625835176
fd369cff-581b-4593-8b86-99ac1a0671db,,2025-11-28 09:15:00.000,0.002706979905199368,false,2025-12-01 10:05:08.174 +0100,754620625,true,true,,0.002706979905199368,0.0007715999921159
a9375d6d-1ccd-45f3-8c44-e04f3308c0b8,,2025-11-28 09:15:00.000,0.002478816133155216,false,2025-12-01 10:05:08.174 +0100,754621241,true,true,,0.002478816133155216,
3fc882ae-fc24-46ac-98d5-50c06e4e8ab5,,2025-11-28 09:15:00.000,0.002191364685161928,false,2025-12-01 10:05:08.174 +0100,754620613,true,true,,0.002191364685161928,
dced11b3-281c-4cdc-81c6-cb253b363ce3,,2025-11-28 09:15:00.000,0.0013400480639845442,false,2025-12-01 10:05:08.174 +0100,754621209,true,true,,0.0013400480639845442,
4efc2bc6-5481-4cbe-9e1e-26a3e5f0647b,,2025-11-28 09:15:00.000,0.00004,false,2025-12-01 10:05:08.174 +0100,754621257,true,true,,0.00004,
fd76ab78-506b-4867-8f09-39fedde3ba0d,,2025-11-28 09:15:00.000,0.0,false,2025-12-01 10:05:08.174 +0100,754620773,true,true,,0.0,
25116c06-dfa8-4a4e-81dc-33ba9d3993cd,,2025-11-28 09:15:00.000,0.0,false,2025-12-01 10:05:08.174 +0100,754620551,true,true,,0.0,4.91000000000004
23a73f94-a7ab-49d0-a531-5181c72a71eb,,2025-11-28 09:15:00.000,0.0,false,2025-12-01 10:05:08.174 +0100,754620545,true,true,,0.0,8.1
57da4e08-3578-4ab3-a3f9-29e9812d5253,,2025-11-28 09:15:00.000,0.0,false,2025-12-01 10:05:08.231 +0100,754621985,true,true,,0.0,
43bb120e-47f1-4137-bfcc-cc1aa88e3494,,2025-11-28 09:15:00.000,0.0,false,2025-12-01 10:05:08.174 +0100,754621695,true,true,,0.0,
c2a58263-1da0-49c6-8f90-613a1437c208,,2025-11-28 09:15:00.000,0.0,true,2025-12-01 10:05:08.174 +0100,754621155,false,true,,0.0,0.0
d6676e22-accb-4aba-887f-46f8a116ddfb,,2025-11-28 09:15:00.000,0.0,false,2025-12-01 10:05:08.174 +0100,754621085,true,true,,0.0,0.9601709332466161
b9048dce-bfa3-4f6c-b7ce-b240ed4534eb,,2025-11-28 09:15:00.000,0.0,false,2025-12-01 10:05:08.174 +0100,754620365,true,true,,0.0,11.85147499999392
b48e2de3-932d-4491-838d-6b327a1c1bac,,2025-11-28 09:15:00.000,0.0,false,2025-12-01 10:05:08.174 +0100,754620467,true,true,,0.0,
cc96358e-2be2-4a99-a00e-a32bd839482c,,2025-11-28 09:15:00.000,-0.0020458748096728197,false,2025-12-01 10:05:08.231 +0100,754622017,true,true,,-0.0020458748096728197,
d22e1253-711a-4c06-9f35-0c02d7883ead,,2025-11-28 09:15:00.000,-0.0080483664126798,false,2025-12-01 10:05:08.174 +0100,754621811,true,true,,-0.0080483664126798,
ac82d64f-e169-41d2-b1d2-e3d56409d129,,2025-11-28 09:15:00.000,-0.01029535267371264,false,2025-12-01 10:05:08.174 +0100,754621435,true,true,,-0.01029535267371264,
80c3a57c-ddb5-4c90-903a-eef51b96b1d9,,2025-11-28 09:15:00.000,-0.0572453374207464,false,2025-12-01 10:05:08.174 +0100,754621493,true,true,,-0.0572453374207464,
533c42d4-b351-40a4-8b7d-e54d4841c34b,,2025-11-28 09:15:00.000,-0.05795508696956505,false,2025-12-01 10:05:08.231 +0100,754622143,true,true,,-0.05795508696956505,
4f64dff4-e1ad-420e-beaf-30abbeac244e,,2025-11-28 09:15:00.000,-0.0671383694859876,false,2025-12-01 10:05:08.231 +0100,754622041,true,true,,-0.0671383694859876,
4ab3dd8c-bdad-42b5-ab03-d6cbf97b62fb,,2025-11-28 09:15:00.000,-0.07978911757724161,false,2025-12-01 10:05:08.174 +0100,754621977,true,true,,-0.07978911757724161,
9eb9e37e-2c9e-4c50-bbfe-6eeb5e4fa2b6,,2025-11-28 09:15:00.000,-0.08797261681593001,false,2025-12-01 10:05:08.231 +0100,754622235,true,true,,-0.08797261681593001,
3ebfb553-fb0b-4ca7-b357-16b15df7898a,,2025-11-28 09:15:00.000,-0.1978625954198484,false,2025-12-01 10:05:08.174 +0100,754621961,true,true,,-0.1978625954198484,
5dee84aa-8087-4459-bdb2-1306b6f1b4bb,,2025-11-28 09:15:00.000,-0.3479082732226505,false,2025-12-01 10:05:08.231 +0100,754622295,true,false,,-0.3479082732226505,
63506f52-89c2-4ea8-90ef-6d710dc9003b,,2025-11-28 09:15:00.000,-0.635182761424392,false,2025-12-01 10:05:08.174 +0100,754621913,true,false,,-0.635182761424392,
